methylcipher_id,pyaging_id,pyaging_field,methylcipher_field,pyaging_value,methylcipher_value,status,note
AdaptAge,yingadaptage,tissue,tissues_derived,"[""whole blood""]",blood,normalized_equal,
AdaptAge,yingadaptage,platform,array_type_trained,"[""Illumina 450K""]",450K,normalized_equal,
AdaptAge,yingadaptage,model_type,training_algorithm,causality-weighted elastic net regression,elastic net,definition_or_value_difference,Compare fitting algorithm with serialized/algebraically folded implementation.
AdaptAge,yingadaptage,n_features,n_cpgs,999,999,equal,
AdaptAge,yingadaptage,doi,primary citation doi,https://doi.org/10.1038/s43587-023-00557-0,"[""10.1038/s43587-023-00557-0""]",normalized_equal,
AdaptAge,yingadaptage,year,primary citation year,2024,"[""2024""]",equal,
AdaptAge,yingadaptage,journal,primary citation journal,Nature Aging,"[""Nature aging""]",text_comparison_only,Journal abbreviations and author-name formatting are not scientific discrepancies.
AdaptAge,yingadaptage,last_author,primary citation last_author,Vadim N. Gladyshev,"[""Gladyshev, Vadim N""]",text_comparison_only,Journal abbreviations and author-name formatting are not scientific discrepancies.
AdaptAge,yingadaptage,notes,description,"Causality-enriched age predictor restricted to adaptive/protective age-related CpGs, with feature penalties weighted by EWMR causality scores.","One of the Ying 2024 causality-enriched clocks (sibling to DamAge and CausAge), AdaptAge is built exclusively from adaptive/protective CpGs identified as causal for ageing by epigenome-wide Mendelian randomization, so it tracks beneficial biological adaptation rather than damage.",text_comparison_only,Independent descriptions; wording differences do not establish errors.
AdaptAge,yingadaptage,population,training age/cohort,adults,"{""cohort_trained"": ""London Life Sciences Prospective Population (LOLIPOP)"", ""n_samples_trained"": ""2664"", ""age_min_trained"": ""23.7"", ""age_max_trained"": ""75"", ""age_unit_trained"": ""years"", ""health_status_trained"": ""population-based"", ""sex_distribution_trained"": ""32.1% female"", ""ancestry_trained"": ""South Asian; European""}",different_granularity,These detailed training descriptors have no direct structured equivalent in pyaging.
AdaptAge,yingadaptage,preprocess,normalization,,none,runtime_contract_review,Compare current package behavior and defaults separately from the original-author specification; method names alone are insufficient.
AdaptAge,yingadaptage,reference_values,imputation_policy,,omit,runtime_contract_review,Compare current package behavior and defaults separately from the original-author specification; method names alone are insufficient.
AdaptAge,yingadaptage,postprocess,output_transform,,identity,runtime_contract_review,Compare current package behavior and defaults separately from the original-author specification; method names alone are insufficient.
AdaptAge,yingadaptage,unstructured covariates,covariates_required,,[],new_field_candidate,Upstream direct-only requirements may omit dependencies; resolve the transitive input graph.
AdaptAge,yingadaptage,unstructured batch dependence,batch_dependent,,False,new_field_candidate,"Describe pyaging cohort dependence, not the other package runtime flag."
AlcoholMcCartney,mccartneyalcohol,tissue,tissues_derived,"[""whole blood""]",blood,normalized_equal,
AlcoholMcCartney,mccartneyalcohol,platform,array_type_trained,"[""Illumina EPIC""]",EPICv1,normalized_equal,
AlcoholMcCartney,mccartneyalcohol,model_type,training_algorithm,LASSO regression,LASSO,normalized_equal,
AlcoholMcCartney,mccartneyalcohol,n_features,n_cpgs,450,450,equal,
AlcoholMcCartney,mccartneyalcohol,doi,primary citation doi,https://doi.org/10.1186/s13059-018-1514-1,"[""10.1186/s13059-018-1514-1""]",normalized_equal,
AlcoholMcCartney,mccartneyalcohol,year,primary citation year,2018,"[""2018""]",equal,
AlcoholMcCartney,mccartneyalcohol,journal,primary citation journal,Genome Biology,"[""Genome biology""]",text_comparison_only,Journal abbreviations and author-name formatting are not scientific discrepancies.
AlcoholMcCartney,mccartneyalcohol,last_author,primary citation last_author,Riccardo E. Marioni,"[""Marioni, Riccardo E""]",text_comparison_only,Journal abbreviations and author-name formatting are not scientific discrepancies.
AlcoholMcCartney,mccartneyalcohol,notes,description,"Whole-blood DNAm LASSO score trained on log(alcohol units per week + 1), residualized for age, sex and ten genetic principal components. The returned linear score remains on that adjusted natural-log scale; it is not an absolute exposure in physical units. Evaluated out of sample in LBC1936.",One of nine McCartney 2018 lifestyle/health DNAm surrogates: a whole-blood 450-CpG LASSO proxy for self-reported alcohol consumption (units per week) that is associated with higher all-cause mortality.,text_comparison_only,Independent descriptions; wording differences do not establish errors.
AlcoholMcCartney,mccartneyalcohol,population,training age/cohort,adults,"{""cohort_trained"": ""Generation Scotland: The Scottish Family Health Study (GS)"", ""n_samples_trained"": ""2819"", ""age_min_trained"": ""18"", ""age_max_trained"": ""99"", ""age_unit_trained"": ""years"", ""health_status_trained"": ""population-based"", ""sex_distribution_trained"": ""61.5% female"", ""ancestry_trained"": ""European""}",different_granularity,These detailed training descriptors have no direct structured equivalent in pyaging.
AlcoholMcCartney,mccartneyalcohol,preprocess,normalization,,none,runtime_contract_review,Compare current package behavior and defaults separately from the original-author specification; method names alone are insufficient.
AlcoholMcCartney,mccartneyalcohol,reference_values,imputation_policy,,omit,runtime_contract_review,Compare current package behavior and defaults separately from the original-author specification; method names alone are insufficient.
AlcoholMcCartney,mccartneyalcohol,postprocess,output_transform,,identity,runtime_contract_review,Compare current package behavior and defaults separately from the original-author specification; method names alone are insufficient.
AlcoholMcCartney,mccartneyalcohol,unstructured covariates,covariates_required,,[],new_field_candidate,Upstream direct-only requirements may omit dependencies; resolve the transitive input graph.
AlcoholMcCartney,mccartneyalcohol,unstructured batch dependence,batch_dependent,,False,new_field_candidate,"Describe pyaging cohort dependence, not the other package runtime flag."
BMIMcCartney,mccartneybmi,tissue,tissues_derived,"[""whole blood""]",blood,normalized_equal,
BMIMcCartney,mccartneybmi,platform,array_type_trained,"[""Illumina EPIC""]",EPICv1,normalized_equal,
BMIMcCartney,mccartneybmi,model_type,training_algorithm,LASSO regression,LASSO,normalized_equal,
BMIMcCartney,mccartneybmi,n_features,n_cpgs,1109,1109,equal,
BMIMcCartney,mccartneybmi,doi,primary citation doi,https://doi.org/10.1186/s13059-018-1514-1,"[""10.1186/s13059-018-1514-1""]",normalized_equal,
BMIMcCartney,mccartneybmi,year,primary citation year,2018,"[""2018""]",equal,
BMIMcCartney,mccartneybmi,journal,primary citation journal,Genome Biology,"[""Genome biology""]",text_comparison_only,Journal abbreviations and author-name formatting are not scientific discrepancies.
BMIMcCartney,mccartneybmi,last_author,primary citation last_author,Riccardo E. Marioni,"[""Marioni, Riccardo E""]",text_comparison_only,Journal abbreviations and author-name formatting are not scientific discrepancies.
BMIMcCartney,mccartneybmi,notes,description,"Whole-blood DNAm LASSO score for body mass index (BMI), trained in Generation Scotland on an age-, sex-, and ancestry-adjusted phenotype residual and evaluated out of sample in LBC1936. BMI was log-transformed before residualization. The current pyaging implementation applies a sigmoid to the linear score, so the returned value is bounded and unitless. It is neither the original continuous phenotype residual nor a calibrated probability; the paper does not specify this sigmoid.","A whole-blood DNA-methylation surrogate for body mass index, one of ten McCartney 2018 lifestyle/health EpiScores, that estimates adiposity from 1109 CpGs rather than chronological age.",text_comparison_only,Independent descriptions; wording differences do not establish errors.
BMIMcCartney,mccartneybmi,population,training age/cohort,adults,"{""cohort_trained"": ""Generation Scotland: The Scottish Family Health Study (GS)"", ""n_samples_trained"": ""5036"", ""age_min_trained"": ""18"", ""age_max_trained"": ""99"", ""age_unit_trained"": ""years"", ""health_status_trained"": ""population-based"", ""sex_distribution_trained"": ""61.5% female"", ""ancestry_trained"": ""European""}",different_granularity,These detailed training descriptors have no direct structured equivalent in pyaging.
BMIMcCartney,mccartneybmi,preprocess,normalization,,none,runtime_contract_review,Compare current package behavior and defaults separately from the original-author specification; method names alone are insufficient.
BMIMcCartney,mccartneybmi,reference_values,imputation_policy,,omit,runtime_contract_review,Compare current package behavior and defaults separately from the original-author specification; method names alone are insufficient.
BMIMcCartney,mccartneybmi,postprocess,output_transform,sigmoid,identity,runtime_contract_review,Compare current package behavior and defaults separately from the original-author specification; method names alone are insufficient.
BMIMcCartney,mccartneybmi,unstructured covariates,covariates_required,,[],new_field_candidate,Upstream direct-only requirements may omit dependencies; resolve the transitive input graph.
BMIMcCartney,mccartneybmi,unstructured batch dependence,batch_dependent,,False,new_field_candidate,"Describe pyaging cohort dependence, not the other package runtime flag."
Blood,systemsageblood,tissue,tissues_derived,"[""whole blood""]",blood,normalized_equal,
Blood,systemsageblood,platform,array_type_trained,"[""Illumina 450K"", ""Illumina EPIC""]",450K; EPICv1,normalized_equal,
Blood,systemsageblood,model_type,training_algorithm,PCA + elastic net regression,Cox elastic net,definition_or_value_difference,Compare fitting algorithm with serialized/algebraically folded implementation.
Blood,systemsageblood,n_features,n_cpgs,125175,125175,equal,
Blood,systemsageblood,doi,primary citation doi,https://doi.org/10.1038/s43587-025-00958-3,"[""10.1038/s43587-025-00958-3""]",normalized_equal,
Blood,systemsageblood,year,primary citation year,2025,"[""2025""]",equal,
Blood,systemsageblood,journal,primary citation journal,Nature Aging,"[""Nature aging""]",text_comparison_only,Journal abbreviations and author-name formatting are not scientific discrepancies.
Blood,systemsageblood,last_author,primary citation last_author,Morgan Levine,"[""Levine, Morgan""]",text_comparison_only,Journal abbreviations and author-name formatting are not scientific discrepancies.
Blood,systemsageblood,notes,description,"Blood-system component of Systems Age: a whole-blood DNAm score built from blood-system biomarker PCs and mortality training, returned on an age-like scale.","One of the 11 organ-system sub-scores of the Systems Age composite, the Systems Age - Blood score is a mortality-trained DNAm measure of hematologic aging most strongly associated with time to leukemia.",text_comparison_only,Independent descriptions; wording differences do not establish errors.
Blood,systemsageblood,population,training age/cohort,older adults,"{""cohort_trained"": ""Health and Retirement Study (HRS); Framingham Heart Study (FHS) Offspring Cohort"", ""n_samples_trained"": ""3593"", ""age_min_trained"": ""24"", ""age_max_trained"": ""100"", ""age_unit_trained"": ""years"", ""health_status_trained"": ""population-based"", ""sex_distribution_trained"": null, ""ancestry_trained"": null}",different_granularity,These detailed training descriptors have no direct structured equivalent in pyaging.
Blood,systemsageblood,preprocess,normalization,,none,runtime_contract_review,Compare current package behavior and defaults separately from the original-author specification; method names alone are insufficient.
Blood,systemsageblood,reference_values,imputation_policy,True,vendor_mean,runtime_contract_review,Compare current package behavior and defaults separately from the original-author specification; method names alone are insufficient.
Blood,systemsageblood,postprocess,output_transform,,identity,runtime_contract_review,Compare current package behavior and defaults separately from the original-author specification; method names alone are insufficient.
Blood,systemsageblood,unstructured covariates,covariates_required,,[],new_field_candidate,Upstream direct-only requirements may omit dependencies; resolve the transitive input graph.
Blood,systemsageblood,unstructured batch dependence,batch_dependent,,False,new_field_candidate,"Describe pyaging cohort dependence, not the other package runtime flag."
BodyFatMcCartney,mccartneybodyfat,tissue,tissues_derived,"[""whole blood""]",blood,normalized_equal,
BodyFatMcCartney,mccartneybodyfat,platform,array_type_trained,"[""Illumina EPIC""]",EPICv1,normalized_equal,
BodyFatMcCartney,mccartneybodyfat,model_type,training_algorithm,LASSO regression,LASSO,normalized_equal,
BodyFatMcCartney,mccartneybodyfat,n_features,n_cpgs,968,968,equal,
BodyFatMcCartney,mccartneybodyfat,doi,primary citation doi,https://doi.org/10.1186/s13059-018-1514-1,"[""10.1186/s13059-018-1514-1""]",normalized_equal,
BodyFatMcCartney,mccartneybodyfat,year,primary citation year,2018,"[""2018""]",equal,
BodyFatMcCartney,mccartneybodyfat,journal,primary citation journal,Genome Biology,"[""Genome biology""]",text_comparison_only,Journal abbreviations and author-name formatting are not scientific discrepancies.
BodyFatMcCartney,mccartneybodyfat,last_author,primary citation last_author,Riccardo E. Marioni,"[""Marioni, Riccardo E""]",text_comparison_only,Journal abbreviations and author-name formatting are not scientific discrepancies.
BodyFatMcCartney,mccartneybodyfat,notes,description,"Whole-blood DNAm LASSO score for body fat percentage, trained in Generation Scotland on an age-, sex-, and ancestry-adjusted phenotype residual and evaluated out of sample in LBC1936. The current pyaging implementation applies a sigmoid to the linear score, so the returned value is bounded and unitless. It is neither the original continuous phenotype residual nor a calibrated probability; the paper does not specify this sigmoid.","One of nine McCartney 2018 lifestyle/health DNAm surrogates trained in Generation Scotland, BodyFatMcCartney is distinctive for targeting percentage body fat, though its adiposity signal is so entangled with BMI (r=0.9) that its body-fat phenotype could not even be validated in the test cohort.",text_comparison_only,Independent descriptions; wording differences do not establish errors.
BodyFatMcCartney,mccartneybodyfat,population,training age/cohort,adults,"{""cohort_trained"": ""Generation Scotland: The Scottish Family Health Study (GS)"", ""n_samples_trained"": ""4950"", ""age_min_trained"": ""18"", ""age_max_trained"": ""99"", ""age_unit_trained"": ""years"", ""health_status_trained"": ""population-based"", ""sex_distribution_trained"": ""61.5% female"", ""ancestry_trained"": ""European""}",different_granularity,These detailed training descriptors have no direct structured equivalent in pyaging.
BodyFatMcCartney,mccartneybodyfat,preprocess,normalization,,none,runtime_contract_review,Compare current package behavior and defaults separately from the original-author specification; method names alone are insufficient.
BodyFatMcCartney,mccartneybodyfat,reference_values,imputation_policy,,omit,runtime_contract_review,Compare current package behavior and defaults separately from the original-author specification; method names alone are insufficient.
BodyFatMcCartney,mccartneybodyfat,postprocess,output_transform,sigmoid,identity,runtime_contract_review,Compare current package behavior and defaults separately from the original-author specification; method names alone are insufficient.
BodyFatMcCartney,mccartneybodyfat,unstructured covariates,covariates_required,,[],new_field_candidate,Upstream direct-only requirements may omit dependencies; resolve the transitive input graph.
BodyFatMcCartney,mccartneybodyfat,unstructured batch dependence,batch_dependent,,False,new_field_candidate,"Describe pyaging cohort dependence, not the other package runtime flag."
Bohlin251,bohlin,tissue,tissues_derived,"[""cord blood""]",cord blood,normalized_equal,
Bohlin251,bohlin,platform,array_type_trained,"[""Illumina 450K""]",450K,normalized_equal,
Bohlin251,bohlin,model_type,training_algorithm,LASSO regression,LASSO,normalized_equal,
Bohlin251,bohlin,n_features,n_cpgs,251,251,equal,
Bohlin251,bohlin,doi,primary citation doi,https://doi.org/10.1186/s13059-016-1063-4,"[""10.1186/s13059-016-1063-4""]",normalized_equal,
Bohlin251,bohlin,year,primary citation year,2016,"[""2016""]",equal,
Bohlin251,bohlin,journal,primary citation journal,Genome Biology,"[""Genome biology""]",text_comparison_only,Journal abbreviations and author-name formatting are not scientific discrepancies.
Bohlin251,bohlin,last_author,primary citation last_author,Wenche Nystad,"[""Nystad, W""]",text_comparison_only,Journal abbreviations and author-name formatting are not scientific discrepancies.
Bohlin251,bohlin,notes,description,Official minimum-lambda variant of the Bohlin gestational-age LASSO: pyaging implements the 251-CpG lambda.min model and converts its day-scale output to weeks. The paper/package default one-standard-error variant uses 96 CpGs and has nearly identical predictive performance.,"A cord-blood clock that predicts gestational age at birth, this is the denser lambda.min variant (251 CpGs) of the Bohlin predictor and the version distributed via biolearn's Bohlin.csv.",text_comparison_only,Independent descriptions; wording differences do not establish errors.
Bohlin251,bohlin,population,training age/cohort,newborns,"{""cohort_trained"": ""Norwegian Mother and Child Cohort Study (MoBa1)"", ""n_samples_trained"": ""1068"", ""age_min_trained"": null, ""age_max_trained"": null, ""age_unit_trained"": ""weeks_gestation"", ""health_status_trained"": ""population-based"", ""sex_distribution_trained"": ""47% female"", ""ancestry_trained"": null}",different_granularity,These detailed training descriptors have no direct structured equivalent in pyaging.
Bohlin251,bohlin,preprocess,normalization,,none,runtime_contract_review,Compare current package behavior and defaults separately from the original-author specification; method names alone are insufficient.
Bohlin251,bohlin,reference_values,imputation_policy,,omit,runtime_contract_review,Compare current package behavior and defaults separately from the original-author specification; method names alone are insufficient.
Bohlin251,bohlin,postprocess,output_transform,days_to_weeks,identity,runtime_contract_review,Compare current package behavior and defaults separately from the original-author specification; method names alone are insufficient.
Bohlin251,bohlin,unstructured covariates,covariates_required,,[],new_field_candidate,Upstream direct-only requirements may omit dependencies; resolve the transitive input graph.
Bohlin251,bohlin,unstructured batch dependence,batch_dependent,,False,new_field_candidate,"Describe pyaging cohort dependence, not the other package runtime flag."
Brain,systemsagebrain,tissue,tissues_derived,"[""whole blood""]",blood,normalized_equal,
Brain,systemsagebrain,platform,array_type_trained,"[""Illumina 450K"", ""Illumina EPIC""]",450K; EPICv1,normalized_equal,
Brain,systemsagebrain,model_type,training_algorithm,PCA + elastic net regression,Cox elastic net,definition_or_value_difference,Compare fitting algorithm with serialized/algebraically folded implementation.
Brain,systemsagebrain,n_features,n_cpgs,125175,125175,equal,
Brain,systemsagebrain,doi,primary citation doi,https://doi.org/10.1038/s43587-025-00958-3,"[""10.1038/s43587-025-00958-3""]",normalized_equal,
Brain,systemsagebrain,year,primary citation year,2025,"[""2025""]",equal,
Brain,systemsagebrain,journal,primary citation journal,Nature Aging,"[""Nature aging""]",text_comparison_only,Journal abbreviations and author-name formatting are not scientific discrepancies.
Brain,systemsagebrain,last_author,primary citation last_author,Morgan Levine,"[""Levine, Morgan""]",text_comparison_only,Journal abbreviations and author-name formatting are not scientific discrepancies.
Brain,systemsagebrain,notes,description,"Brain-system component of Systems Age: a whole-blood DNAm score built from brain-system biomarker and functional PCs and mortality training, returned on an age-like scale.","A blood-DNAm, mortality-trained organ sub-score of Systems Age that captures brain-system aging, most strongly tracking baseline cognitive function, stroke risk, and brain-volume decline.",text_comparison_only,Independent descriptions; wording differences do not establish errors.
Brain,systemsagebrain,population,training age/cohort,older adults,"{""cohort_trained"": ""Health and Retirement Study (HRS); Framingham Heart Study (FHS) Offspring Cohort"", ""n_samples_trained"": ""3593"", ""age_min_trained"": ""24"", ""age_max_trained"": ""100"", ""age_unit_trained"": ""years"", ""health_status_trained"": ""population-based"", ""sex_distribution_trained"": null, ""ancestry_trained"": null}",different_granularity,These detailed training descriptors have no direct structured equivalent in pyaging.
Brain,systemsagebrain,preprocess,normalization,,none,runtime_contract_review,Compare current package behavior and defaults separately from the original-author specification; method names alone are insufficient.
Brain,systemsagebrain,reference_values,imputation_policy,True,vendor_mean,runtime_contract_review,Compare current package behavior and defaults separately from the original-author specification; method names alone are insufficient.
Brain,systemsagebrain,postprocess,output_transform,,identity,runtime_contract_review,Compare current package behavior and defaults separately from the original-author specification; method names alone are insufficient.
Brain,systemsagebrain,unstructured covariates,covariates_required,,[],new_field_candidate,Upstream direct-only requirements may omit dependencies; resolve the transitive input graph.
Brain,systemsagebrain,unstructured batch dependence,batch_dependent,,False,new_field_candidate,"Describe pyaging cohort dependence, not the other package runtime flag."
CausAge,yingcausage,tissue,tissues_derived,"[""whole blood""]",blood,normalized_equal,
CausAge,yingcausage,platform,array_type_trained,"[""Illumina 450K""]",450K,normalized_equal,
CausAge,yingcausage,model_type,training_algorithm,causality-weighted elastic net regression,elastic net,definition_or_value_difference,Compare fitting algorithm with serialized/algebraically folded implementation.
CausAge,yingcausage,n_features,n_cpgs,585,585,equal,
CausAge,yingcausage,doi,primary citation doi,https://doi.org/10.1038/s43587-023-00557-0,"[""10.1038/s43587-023-00557-0""]",normalized_equal,
CausAge,yingcausage,year,primary citation year,2024,"[""2024""]",equal,
CausAge,yingcausage,journal,primary citation journal,Nature Aging,"[""Nature aging""]",text_comparison_only,Journal abbreviations and author-name formatting are not scientific discrepancies.
CausAge,yingcausage,last_author,primary citation last_author,Vadim N. Gladyshev,"[""Gladyshev, Vadim N""]",text_comparison_only,Journal abbreviations and author-name formatting are not scientific discrepancies.
CausAge,yingcausage,notes,description,Causality-enriched chronological-age clock using EWMR-prioritized CpGs and feature-specific penalties derived from causality scores.,"A third-generation causality-enriched clock built only from CpGs identified as causal for aging via epigenome-wide Mendelian randomization, then trained as an elastic net on chronological age (siblings DamAge and AdaptAge).",text_comparison_only,Independent descriptions; wording differences do not establish errors.
CausAge,yingcausage,population,training age/cohort,adults,"{""cohort_trained"": ""London Life Sciences Prospective Population (LOLIPOP)"", ""n_samples_trained"": ""2664"", ""age_min_trained"": ""23.7"", ""age_max_trained"": ""75"", ""age_unit_trained"": ""years"", ""health_status_trained"": ""population-based"", ""sex_distribution_trained"": ""32.1% female"", ""ancestry_trained"": ""South Asian; European""}",different_granularity,These detailed training descriptors have no direct structured equivalent in pyaging.
CausAge,yingcausage,preprocess,normalization,,none,runtime_contract_review,Compare current package behavior and defaults separately from the original-author specification; method names alone are insufficient.
CausAge,yingcausage,reference_values,imputation_policy,,omit,runtime_contract_review,Compare current package behavior and defaults separately from the original-author specification; method names alone are insufficient.
CausAge,yingcausage,postprocess,output_transform,,identity,runtime_contract_review,Compare current package behavior and defaults separately from the original-author specification; method names alone are insufficient.
CausAge,yingcausage,unstructured covariates,covariates_required,,[],new_field_candidate,Upstream direct-only requirements may omit dependencies; resolve the transitive input graph.
CausAge,yingcausage,unstructured batch dependence,batch_dependent,,False,new_field_candidate,"Describe pyaging cohort dependence, not the other package runtime flag."
CellDRIFT,celldrift,tissue,tissues_derived,"[""cultured human cells""]",immortalized astrocytes,normalized_equal,
CellDRIFT,celldrift,platform,array_type_trained,"[""Illumina EPIC""]",EPICv1,normalized_equal,
CellDRIFT,celldrift,model_type,training_algorithm,PCA + elastic net regression,PCA + elastic net,normalized_equal,
CellDRIFT,celldrift,n_features,n_cpgs,2322,2322,equal,
CellDRIFT,celldrift,doi,primary citation doi,https://doi.org/10.1126/sciadv.adf4163,"[""10.1126/sciadv.adf4163""]",normalized_equal,
CellDRIFT,celldrift,year,primary citation year,2023,"[""2023""]",equal,
CellDRIFT,celldrift,journal,primary citation journal,Science Advances,"[""Science Advances""]",text_comparison_only,Journal abbreviations and author-name formatting are not scientific discrepancies.
CellDRIFT,celldrift,last_author,primary citation last_author,Morgan E. Levine,"[""Levine, Morgan E.""]",text_comparison_only,Journal abbreviations and author-name formatting are not scientific discrepancies.
CellDRIFT,celldrift,notes,description,"Replication signature trained on 31 serially passaged hTERT-immortalized human astrocyte samples. The released 62-PC elastic-net predictor over 2,322 CpGs is folded algebraically into a single linear score. Output is calibrated to cumulative population doublings, not years. Original-author missingness is preserved: supplied NaNs become zero, whereas absent CpGs use module means. GitHub commit 066b3e816795f3c0b372ff8d33f59185a490bd8b; DOI 10.5281/zenodo.7693699. Upstream software license is unspecified (Zenodo: Other (Open)).","A mitotic clock trained purely on in-vitro cell divisions of a single hTERT-immortalized fetal astrocyte line, capturing a 2322-CpG replication fingerprint that rises with both aging and cancer across tissues.",text_comparison_only,Independent descriptions; wording differences do not establish errors.
CellDRIFT,celldrift,population,training age/cohort,human cell cultures,"{""cohort_trained"": ""hTERT-immortalized fetal astrocytes (this study, GSE226079)"", ""n_samples_trained"": ""31"", ""age_min_trained"": null, ""age_max_trained"": null, ""age_unit_trained"": ""years"", ""health_status_trained"": null, ""sex_distribution_trained"": null, ""ancestry_trained"": null}",different_granularity,These detailed training descriptors have no direct structured equivalent in pyaging.
CellDRIFT,celldrift,preprocess,normalization,supplied NaNs to zero; absent CpGs to module means,none,runtime_contract_review,Compare current package behavior and defaults separately from the original-author specification; method names alone are insufficient.
CellDRIFT,celldrift,reference_values,imputation_policy,True,vendor_mean,runtime_contract_review,Compare current package behavior and defaults separately from the original-author specification; method names alone are insufficient.
CellDRIFT,celldrift,postprocess,output_transform,,identity,runtime_contract_review,Compare current package behavior and defaults separately from the original-author specification; method names alone are insufficient.
CellDRIFT,celldrift,unstructured covariates,covariates_required,,[],new_field_candidate,Upstream direct-only requirements may omit dependencies; resolve the transitive input graph.
CellDRIFT,celldrift,unstructured batch dependence,batch_dependent,,False,new_field_candidate,"Describe pyaging cohort dependence, not the other package runtime flag."
CellPopAge,cellpopage,tissue,tissues_derived,"[""cultured fibroblasts""]",fibroblasts,definition_or_value_difference,Broad labels versus explicit source tissues can explain apparent differences.
CellPopAge,cellpopage,platform,array_type_trained,"[""Illumina EPIC""]",EPICv1,normalized_equal,
CellPopAge,cellpopage,model_type,training_algorithm,elastic net regression,elastic net,normalized_equal,
CellPopAge,cellpopage,n_features,n_cpgs,42,42,equal,
CellPopAge,cellpopage,doi,primary citation doi,https://doi.org/10.1186/s13073-024-01349-w,"[""10.1186/s13073-024-01349-w""]",normalized_equal,
CellPopAge,cellpopage,year,primary citation year,2024,"[""2024""]",equal,
CellPopAge,cellpopage,journal,primary citation journal,Genome Medicine,"[""Genome medicine""]",text_comparison_only,Journal abbreviations and author-name formatting are not scientific discrepancies.
CellPopAge,cellpopage,last_author,primary citation last_author,Ivana Bjedov,"[""Bjedov, Ivana""]",text_comparison_only,Journal abbreviations and author-name formatting are not scientific discrepancies.
CellPopAge,cellpopage,notes,description,CellPopAge is an elastic-net DNA-methylation clock using 42 selected CpGs to predict passage-based age of serially cultured adult primary human fibroblast populations and screen compounds that decelerate this measure.,"A rare in-vitro mitotic clock trained on the cell-passage number of serially passaged primary human fibroblasts rather than donor age, purpose-built to screen anti-ageing compounds by detecting delayed cell-population ageing in culture.",text_comparison_only,Independent descriptions; wording differences do not establish errors.
CellPopAge,cellpopage,population,training age/cohort,human cell cultures,"{""cohort_trained"": ""In-vitro serially passaged primary human fibroblasts (HMF donor 48 + HDF); ArrayExpress E-MTAB-8327"", ""n_samples_trained"": ""39"", ""age_min_trained"": null, ""age_max_trained"": null, ""age_unit_trained"": ""years"", ""health_status_trained"": ""population-based"", ""sex_distribution_trained"": ""all female"", ""ancestry_trained"": null}",different_granularity,These detailed training descriptors have no direct structured equivalent in pyaging.
CellPopAge,cellpopage,preprocess,normalization,,none,runtime_contract_review,Compare current package behavior and defaults separately from the original-author specification; method names alone are insufficient.
CellPopAge,cellpopage,reference_values,imputation_policy,,omit,runtime_contract_review,Compare current package behavior and defaults separately from the original-author specification; method names alone are insufficient.
CellPopAge,cellpopage,postprocess,output_transform,,identity,runtime_contract_review,Compare current package behavior and defaults separately from the original-author specification; method names alone are insufficient.
CellPopAge,cellpopage,unstructured covariates,covariates_required,,[],new_field_candidate,Upstream direct-only requirements may omit dependencies; resolve the transitive input graph.
CellPopAge,cellpopage,unstructured batch dependence,batch_dependent,,False,new_field_candidate,"Describe pyaging cohort dependence, not the other package runtime flag."
DNAmADM,grimage2adm,tissue,tissues_derived,"[""whole blood""]",blood,normalized_equal,
DNAmADM,grimage2adm,platform,array_type_trained,"[""Illumina 450K""]",450K,normalized_equal,
DNAmADM,grimage2adm,model_type,training_algorithm,elastic net regression,elastic net,normalized_equal,
DNAmADM,grimage2adm,n_features,n_cpgs,187,186,definition_or_value_difference,"pyaging counts packaged model features; upstream counts scoring CpGs. Compare covariates, routed unions, normalization panels and effective nonzero columns."
DNAmADM,grimage2adm,doi,primary citation doi,https://doi.org/10.18632/aging.204434,"[""10.18632/aging.101684""]",publication_difference,
DNAmADM,grimage2adm,year,primary citation year,2022,"[""2019""]",publication_difference,
DNAmADM,grimage2adm,journal,primary citation journal,Aging,"[""Aging""]",text_comparison_only,Journal abbreviations and author-name formatting are not scientific discrepancies.
DNAmADM,grimage2adm,last_author,primary citation last_author,Steve Horvath,"[""Horvath, Steve""]",text_comparison_only,Journal abbreviations and author-name formatting are not scientific discrepancies.
DNAmADM,grimage2adm,notes,description,ADM is a vasodilator peptide hormone; DNAm ADM is an inherited GrimAge plasma-protein surrogate.,"DNAmADM is a blood DNA-methylation surrogate for the plasma protein adrenomedullin, serving as one of the eight component predictors of the composite DNAm GrimAge clock.",text_comparison_only,Independent descriptions; wording differences do not establish errors.
DNAmADM,grimage2adm,population,training age/cohort,older adults,"{""cohort_trained"": ""Framingham Heart Study (FHS) Offspring Cohort"", ""n_samples_trained"": ""1731"", ""age_min_trained"": ""40"", ""age_max_trained"": ""92"", ""age_unit_trained"": ""years"", ""health_status_trained"": ""population-based"", ""sex_distribution_trained"": ""54% female"", ""ancestry_trained"": ""European""}",different_granularity,These detailed training descriptors have no direct structured equivalent in pyaging.
DNAmADM,grimage2adm,preprocess,normalization,,none,runtime_contract_review,Compare current package behavior and defaults separately from the original-author specification; method names alone are insufficient.
DNAmADM,grimage2adm,reference_values,imputation_policy,True,omit,runtime_contract_review,Compare current package behavior and defaults separately from the original-author specification; method names alone are insufficient.
DNAmADM,grimage2adm,postprocess,output_transform,cox_to_years,identity,runtime_contract_review,Compare current package behavior and defaults separately from the original-author specification; method names alone are insufficient.
DNAmADM,grimage2adm,unstructured covariates,covariates_required,,"[""Age""]",new_field_candidate,Upstream direct-only requirements may omit dependencies; resolve the transitive input graph.
DNAmADM,grimage2adm,unstructured batch dependence,batch_dependent,,False,new_field_candidate,"Describe pyaging cohort dependence, not the other package runtime flag."
DNAmB2M,grimage2b2m,tissue,tissues_derived,"[""whole blood""]",blood,normalized_equal,
DNAmB2M,grimage2b2m,platform,array_type_trained,"[""Illumina 450K""]",450K,normalized_equal,
DNAmB2M,grimage2b2m,model_type,training_algorithm,elastic net regression,elastic net,normalized_equal,
DNAmB2M,grimage2b2m,n_features,n_cpgs,92,91,definition_or_value_difference,"pyaging counts packaged model features; upstream counts scoring CpGs. Compare covariates, routed unions, normalization panels and effective nonzero columns."
DNAmB2M,grimage2b2m,doi,primary citation doi,https://doi.org/10.18632/aging.204434,"[""10.18632/aging.101684""]",publication_difference,
DNAmB2M,grimage2b2m,year,primary citation year,2022,"[""2019""]",publication_difference,
DNAmB2M,grimage2b2m,journal,primary citation journal,Aging,"[""Aging""]",text_comparison_only,Journal abbreviations and author-name formatting are not scientific discrepancies.
DNAmB2M,grimage2b2m,last_author,primary citation last_author,Steve Horvath,"[""Horvath, Steve""]",text_comparison_only,Journal abbreviations and author-name formatting are not scientific discrepancies.
DNAmB2M,grimage2b2m,notes,description,"B2M is linked to kidney function, cardiovascular disease and inflammation; DNAm B2M is a GrimAge component.","DNAmB2M is a blood DNA methylation surrogate for plasma beta-2-microglobulin, serving as one of the eight component biomarkers that combine to form the mortality-predicting composite DNAm GrimAge.",text_comparison_only,Independent descriptions; wording differences do not establish errors.
DNAmB2M,grimage2b2m,population,training age/cohort,older adults,"{""cohort_trained"": ""Framingham Heart Study (FHS) Offspring Cohort"", ""n_samples_trained"": ""1731"", ""age_min_trained"": ""40"", ""age_max_trained"": ""92"", ""age_unit_trained"": ""years"", ""health_status_trained"": ""population-based"", ""sex_distribution_trained"": ""54% female"", ""ancestry_trained"": ""European""}",different_granularity,These detailed training descriptors have no direct structured equivalent in pyaging.
DNAmB2M,grimage2b2m,preprocess,normalization,,none,runtime_contract_review,Compare current package behavior and defaults separately from the original-author specification; method names alone are insufficient.
DNAmB2M,grimage2b2m,reference_values,imputation_policy,True,omit,runtime_contract_review,Compare current package behavior and defaults separately from the original-author specification; method names alone are insufficient.
DNAmB2M,grimage2b2m,postprocess,output_transform,cox_to_years,identity,runtime_contract_review,Compare current package behavior and defaults separately from the original-author specification; method names alone are insufficient.
DNAmB2M,grimage2b2m,unstructured covariates,covariates_required,,"[""Age""]",new_field_candidate,Upstream direct-only requirements may omit dependencies; resolve the transitive input graph.
DNAmB2M,grimage2b2m,unstructured batch dependence,batch_dependent,,False,new_field_candidate,"Describe pyaging cohort dependence, not the other package runtime flag."
DNAmClockCortical,corticalclock,tissue,tissues_derived,"[""brain cortex""]",brain PFC; brain OC,definition_or_value_difference,Broad labels versus explicit source tissues can explain apparent differences.
DNAmClockCortical,corticalclock,platform,array_type_trained,"[""Illumina 450K""]",450K,normalized_equal,
DNAmClockCortical,corticalclock,model_type,training_algorithm,elastic net regression,elastic net,normalized_equal,
DNAmClockCortical,corticalclock,n_features,n_cpgs,347,347,equal,
DNAmClockCortical,corticalclock,doi,primary citation doi,https://doi.org/10.1093/brain/awaa334,"[""10.1093/brain/awaa334""]",normalized_equal,
DNAmClockCortical,corticalclock,year,primary citation year,2020,"[""2020""]",equal,
DNAmClockCortical,corticalclock,journal,primary citation journal,Brain,"[""Brain""]",text_comparison_only,Journal abbreviations and author-name formatting are not scientific discrepancies.
DNAmClockCortical,corticalclock,last_author,primary citation last_author,Jonathan Mill,"[""Mill, Jonathan""]",text_comparison_only,Journal abbreviations and author-name formatting are not scientific discrepancies.
DNAmClockCortical,corticalclock,notes,description,"Cortex-specific DNA-methylation chronological-age estimator trained by elastic net on 1,047 post-mortem cortical samples; its 347-CpG weighted score is back-transformed to years.","DNAmClockCortical is a brain-specific epigenetic clock built and validated in human post-mortem cortex, pooling ten brain-bank cohorts to span the full lifespan (ages 1-108) and achieve high accuracy in older brain where blood-trained clocks lose precision.",text_comparison_only,Independent descriptions; wording differences do not establish errors.
DNAmClockCortical,corticalclock,population,training age/cohort,all ages,"{""cohort_trained"": ""Multiple human cortex cohorts (10 combined; GSE74193; GSE59685; GSE80970; GSE43414)"", ""n_samples_trained"": ""1047"", ""age_min_trained"": ""1"", ""age_max_trained"": ""108"", ""age_unit_trained"": ""years"", ""health_status_trained"": ""population-based"", ""sex_distribution_trained"": ""34.6% female"", ""ancestry_trained"": null}",different_granularity,These detailed training descriptors have no direct structured equivalent in pyaging.
DNAmClockCortical,corticalclock,preprocess,normalization,,none,runtime_contract_review,Compare current package behavior and defaults separately from the original-author specification; method names alone are insufficient.
DNAmClockCortical,corticalclock,reference_values,imputation_policy,True,vendor_mean,runtime_contract_review,Compare current package behavior and defaults separately from the original-author specification; method names alone are insufficient.
DNAmClockCortical,corticalclock,postprocess,output_transform,anti_log_linear,anti.trafo,runtime_contract_review,Compare current package behavior and defaults separately from the original-author specification; method names alone are insufficient.
DNAmClockCortical,corticalclock,unstructured covariates,covariates_required,,[],new_field_candidate,Upstream direct-only requirements may omit dependencies; resolve the transitive input graph.
DNAmClockCortical,corticalclock,unstructured batch dependence,batch_dependent,,False,new_field_candidate,"Describe pyaging cohort dependence, not the other package runtime flag."
DNAmCystatinC_GrimAgeV1,grimage2cystatinc,tissue,tissues_derived,"[""whole blood""]",blood,normalized_equal,
DNAmCystatinC_GrimAgeV1,grimage2cystatinc,platform,array_type_trained,"[""Illumina 450K""]",450K,normalized_equal,
DNAmCystatinC_GrimAgeV1,grimage2cystatinc,model_type,training_algorithm,elastic net regression,elastic net,normalized_equal,
DNAmCystatinC_GrimAgeV1,grimage2cystatinc,n_features,n_cpgs,88,87,definition_or_value_difference,"pyaging counts packaged model features; upstream counts scoring CpGs. Compare covariates, routed unions, normalization panels and effective nonzero columns."
DNAmCystatinC_GrimAgeV1,grimage2cystatinc,doi,primary citation doi,https://doi.org/10.18632/aging.204434,"[""10.18632/aging.101684""]",publication_difference,
DNAmCystatinC_GrimAgeV1,grimage2cystatinc,year,primary citation year,2022,"[""2019""]",publication_difference,
DNAmCystatinC_GrimAgeV1,grimage2cystatinc,journal,primary citation journal,Aging,"[""Aging""]",text_comparison_only,Journal abbreviations and author-name formatting are not scientific discrepancies.
DNAmCystatinC_GrimAgeV1,grimage2cystatinc,last_author,primary citation last_author,Steve Horvath,"[""Horvath, Steve""]",text_comparison_only,Journal abbreviations and author-name formatting are not scientific discrepancies.
DNAmCystatinC_GrimAgeV1,grimage2cystatinc,notes,description,Cystatin C is a kidney-function biomarker; DNAm Cystatin C is a GrimAge component.,"A blood-DNAm surrogate for plasma cystatin C, one of the eight DNAm protein/biomarker components that make up the composite DNAm GrimAge predictor.",text_comparison_only,Independent descriptions; wording differences do not establish errors.
DNAmCystatinC_GrimAgeV1,grimage2cystatinc,population,training age/cohort,older adults,"{""cohort_trained"": ""Framingham Heart Study (FHS) Offspring Cohort"", ""n_samples_trained"": ""1731"", ""age_min_trained"": ""40"", ""age_max_trained"": ""92"", ""age_unit_trained"": ""years"", ""health_status_trained"": ""population-based"", ""sex_distribution_trained"": ""54% female"", ""ancestry_trained"": ""European""}",different_granularity,These detailed training descriptors have no direct structured equivalent in pyaging.
DNAmCystatinC_GrimAgeV1,grimage2cystatinc,preprocess,normalization,,none,runtime_contract_review,Compare current package behavior and defaults separately from the original-author specification; method names alone are insufficient.
DNAmCystatinC_GrimAgeV1,grimage2cystatinc,reference_values,imputation_policy,True,omit,runtime_contract_review,Compare current package behavior and defaults separately from the original-author specification; method names alone are insufficient.
DNAmCystatinC_GrimAgeV1,grimage2cystatinc,postprocess,output_transform,cox_to_years,identity,runtime_contract_review,Compare current package behavior and defaults separately from the original-author specification; method names alone are insufficient.
DNAmCystatinC_GrimAgeV1,grimage2cystatinc,unstructured covariates,covariates_required,,"[""Age""]",new_field_candidate,Upstream direct-only requirements may omit dependencies; resolve the transitive input graph.
DNAmCystatinC_GrimAgeV1,grimage2cystatinc,unstructured batch dependence,batch_dependent,,False,new_field_candidate,"Describe pyaging cohort dependence, not the other package runtime flag."
DNAmFI_Li,dnamfili,tissue,tissues_derived,"[""whole blood""]",blood,normalized_equal,
DNAmFI_Li,dnamfili,platform,array_type_trained,"[""Illumina EPIC"", ""Illumina 450K""]",EPICv1,definition_or_value_difference,"Training platform must be separated from compatibility, validation and feature-selection platforms."
DNAmFI_Li,dnamfili,model_type,training_algorithm,LASSO regression,LASSO,normalized_equal,
DNAmFI_Li,dnamfili,n_features,n_cpgs,20,20,equal,
DNAmFI_Li,dnamfili,doi,primary citation doi,https://doi.org/10.1038/s41467-022-32893-x,"[""10.1038/s41467-022-32893-x""]",normalized_equal,
DNAmFI_Li,dnamfili,year,primary citation year,2022,"[""2022""]",equal,
DNAmFI_Li,dnamfili,journal,primary citation journal,Nature Communications,"[""Nature communications""]",text_comparison_only,Journal abbreviations and author-name formatting are not scientific discrepancies.
DNAmFI_Li,dnamfili,last_author,primary citation last_author,Hermann Brenner,"[""Brenner, Hermann""]",text_comparison_only,Journal abbreviations and author-name formatting are not scientific discrepancies.
DNAmFI_Li,dnamfili,notes,description,"Epigenetic frailty risk score (eFRS), a weighted 20-CpG whole-blood DNA-methylation score selected by LASSO from replicated frailty-associated loci.","DNAmFI-Li (eFRS) is a compact 20-CpG whole-blood methylation risk score trained to predict the deficit-accumulation frailty index rather than chronological age, enabling longer-term prediction of frailty in older adults.",text_comparison_only,Independent descriptions; wording differences do not establish errors.
DNAmFI_Li,dnamfili,population,training age/cohort,older adults,"{""cohort_trained"": ""ESTHER"", ""n_samples_trained"": ""1728"", ""age_min_trained"": ""50"", ""age_max_trained"": ""75"", ""age_unit_trained"": ""years"", ""health_status_trained"": ""population-based"", ""sex_distribution_trained"": ""56% female"", ""ancestry_trained"": null}",different_granularity,These detailed training descriptors have no direct structured equivalent in pyaging.
DNAmFI_Li,dnamfili,preprocess,normalization,,none,runtime_contract_review,Compare current package behavior and defaults separately from the original-author specification; method names alone are insufficient.
DNAmFI_Li,dnamfili,reference_values,imputation_policy,,omit,runtime_contract_review,Compare current package behavior and defaults separately from the original-author specification; method names alone are insufficient.
DNAmFI_Li,dnamfili,postprocess,output_transform,,identity,runtime_contract_review,Compare current package behavior and defaults separately from the original-author specification; method names alone are insufficient.
DNAmFI_Li,dnamfili,unstructured covariates,covariates_required,,[],new_field_candidate,Upstream direct-only requirements may omit dependencies; resolve the transitive input graph.
DNAmFI_Li,dnamfili,unstructured batch dependence,batch_dependent,,False,new_field_candidate,"Describe pyaging cohort dependence, not the other package runtime flag."
DNAmGDF15,grimage2gdf15,tissue,tissues_derived,"[""whole blood""]",blood,normalized_equal,
DNAmGDF15,grimage2gdf15,platform,array_type_trained,"[""Illumina 450K""]",450K,normalized_equal,
DNAmGDF15,grimage2gdf15,model_type,training_algorithm,elastic net regression,elastic net,normalized_equal,
DNAmGDF15,grimage2gdf15,n_features,n_cpgs,138,137,definition_or_value_difference,"pyaging counts packaged model features; upstream counts scoring CpGs. Compare covariates, routed unions, normalization panels and effective nonzero columns."
DNAmGDF15,grimage2gdf15,doi,primary citation doi,https://doi.org/10.18632/aging.204434,"[""10.18632/aging.101684""]",publication_difference,
DNAmGDF15,grimage2gdf15,year,primary citation year,2022,"[""2019""]",publication_difference,
DNAmGDF15,grimage2gdf15,journal,primary citation journal,Aging,"[""Aging""]",text_comparison_only,Journal abbreviations and author-name formatting are not scientific discrepancies.
DNAmGDF15,grimage2gdf15,last_author,primary citation last_author,Steve Horvath,"[""Horvath, Steve""]",text_comparison_only,Journal abbreviations and author-name formatting are not scientific discrepancies.
DNAmGDF15,grimage2gdf15,notes,description,GDF-15 is implicated in aging and mitochondrial dysfunction; DNAm GDF-15 is a GrimAge component.,"A blood DNA-methylation surrogate for plasma growth differentiation factor 15 (GDF15), one of the eight protein components that make up DNAm GrimAge.",text_comparison_only,Independent descriptions; wording differences do not establish errors.
DNAmGDF15,grimage2gdf15,population,training age/cohort,older adults,"{""cohort_trained"": ""Framingham Heart Study (FHS) Offspring Cohort"", ""n_samples_trained"": ""1731"", ""age_min_trained"": ""40"", ""age_max_trained"": ""92"", ""age_unit_trained"": ""years"", ""health_status_trained"": ""population-based"", ""sex_distribution_trained"": ""54% female"", ""ancestry_trained"": ""European""}",different_granularity,These detailed training descriptors have no direct structured equivalent in pyaging.
DNAmGDF15,grimage2gdf15,preprocess,normalization,,none,runtime_contract_review,Compare current package behavior and defaults separately from the original-author specification; method names alone are insufficient.
DNAmGDF15,grimage2gdf15,reference_values,imputation_policy,True,omit,runtime_contract_review,Compare current package behavior and defaults separately from the original-author specification; method names alone are insufficient.
DNAmGDF15,grimage2gdf15,postprocess,output_transform,cox_to_years,identity,runtime_contract_review,Compare current package behavior and defaults separately from the original-author specification; method names alone are insufficient.
DNAmGDF15,grimage2gdf15,unstructured covariates,covariates_required,,"[""Age""]",new_field_candidate,Upstream direct-only requirements may omit dependencies; resolve the transitive input graph.
DNAmGDF15,grimage2gdf15,unstructured batch dependence,batch_dependent,,False,new_field_candidate,"Describe pyaging cohort dependence, not the other package runtime flag."
DNAmIC,dnamic,tissue,tissues_derived,"[""whole blood""]",blood,normalized_equal,
DNAmIC,dnamic,platform,array_type_trained,"[""Illumina EPIC""]",EPICv1,normalized_equal,
DNAmIC,dnamic,model_type,training_algorithm,elastic net regression,elastic net,normalized_equal,
DNAmIC,dnamic,n_features,n_cpgs,91,91,equal,
DNAmIC,dnamic,doi,primary citation doi,https://doi.org/10.1038/s43587-025-00883-5,"[""10.1038/s43587-025-00883-5""]",normalized_equal,
DNAmIC,dnamic,year,primary citation year,2025,"[""2025""]",equal,
DNAmIC,dnamic,journal,primary citation journal,Nature Aging,"[""Nature aging""]",text_comparison_only,Journal abbreviations and author-name formatting are not scientific discrepancies.
DNAmIC,dnamic,last_author,primary citation last_author,David Furman,"[""Furman, David""]",text_comparison_only,Journal abbreviations and author-name formatting are not scientific discrepancies.
DNAmIC,dnamic,notes,description,"Whole-blood DNA-methylation predictor of intrinsic capacity, an average score across cognition, locomotion, psychological, sensory, and vitality domains; trained with tenfold cross-validated elastic net on INSPIRE-T and returning higher values for better capacity.","DNAmIC is the first blood DNA methylation predictor of WHO intrinsic capacity, a five-domain composite of functional aging (cognition, locomotion, psychological, sensory, and vitality), rather than chronological age or a single biomarker.",text_comparison_only,Independent descriptions; wording differences do not establish errors.
DNAmIC,dnamic,population,training age/cohort,older adults,"{""cohort_trained"": ""INSPIRE-T"", ""n_samples_trained"": ""933"", ""age_min_trained"": ""20"", ""age_max_trained"": ""102"", ""age_unit_trained"": ""years"", ""health_status_trained"": ""population-based"", ""sex_distribution_trained"": null, ""ancestry_trained"": null}",different_granularity,These detailed training descriptors have no direct structured equivalent in pyaging.
DNAmIC,dnamic,preprocess,normalization,,none,runtime_contract_review,Compare current package behavior and defaults separately from the original-author specification; method names alone are insufficient.
DNAmIC,dnamic,reference_values,imputation_policy,,omit,runtime_contract_review,Compare current package behavior and defaults separately from the original-author specification; method names alone are insufficient.
DNAmIC,dnamic,postprocess,output_transform,,identity,runtime_contract_review,Compare current package behavior and defaults separately from the original-author specification; method names alone are insufficient.
DNAmIC,dnamic,unstructured covariates,covariates_required,,[],new_field_candidate,Upstream direct-only requirements may omit dependencies; resolve the transitive input graph.
DNAmIC,dnamic,unstructured batch dependence,batch_dependent,,False,new_field_candidate,"Describe pyaging cohort dependence, not the other package runtime flag."
DNAmIL6_Stevenson,compil6,tissue,tissues_derived,"[""whole blood""]",,upstream_missing,
DNAmIL6_Stevenson,compil6,platform,array_type_trained,"[""Illumina 450K""]",,upstream_missing,
DNAmIL6_Stevenson,compil6,model_type,training_algorithm,elastic net regression,,upstream_missing,
DNAmIL6_Stevenson,compil6,n_features,n_cpgs,35,35,equal,
DNAmIL6_Stevenson,compil6,doi,primary citation doi,https://doi.org/10.1093/gerona/glab046,"[""10.1093/gerona/glab046""]",normalized_equal,
DNAmIL6_Stevenson,compil6,year,primary citation year,2021,"[""2021""]",equal,
DNAmIL6_Stevenson,compil6,journal,primary citation journal,The Journals of Gerontology: Series A,"[""The journals of gerontology. Series A, Biological sciences and medical sciences""]",text_comparison_only,Journal abbreviations and author-name formatting are not scientific discrepancies.
DNAmIL6_Stevenson,compil6,last_author,primary citation last_author,Riccardo E. Marioni,"[""Marioni, Riccardo E""]",text_comparison_only,Journal abbreviations and author-name formatting are not scientific discrepancies.
DNAmIL6_Stevenson,compil6,notes,description,"Thirty-five-CpG whole-blood proxy score for persistent IL-6-related inflammatory burden, fitted against covariate-adjusted normalized plasma IL-6.",IL6 clock by Stevenson.,text_comparison_only,Independent descriptions; wording differences do not establish errors.
DNAmIL6_Stevenson,compil6,population,training age/cohort,older adults,"{""cohort_trained"": null, ""n_samples_trained"": null, ""age_min_trained"": null, ""age_max_trained"": null, ""age_unit_trained"": null, ""health_status_trained"": null, ""sex_distribution_trained"": null, ""ancestry_trained"": null}",different_granularity,These detailed training descriptors have no direct structured equivalent in pyaging.
DNAmIL6_Stevenson,compil6,preprocess,normalization,,none,runtime_contract_review,Compare current package behavior and defaults separately from the original-author specification; method names alone are insufficient.
DNAmIL6_Stevenson,compil6,reference_values,imputation_policy,,omit,runtime_contract_review,Compare current package behavior and defaults separately from the original-author specification; method names alone are insufficient.
DNAmIL6_Stevenson,compil6,postprocess,output_transform,,identity,runtime_contract_review,Compare current package behavior and defaults separately from the original-author specification; method names alone are insufficient.
DNAmIL6_Stevenson,compil6,unstructured covariates,covariates_required,,[],new_field_candidate,Upstream direct-only requirements may omit dependencies; resolve the transitive input graph.
DNAmIL6_Stevenson,compil6,unstructured batch dependence,batch_dependent,,False,new_field_candidate,"Describe pyaging cohort dependence, not the other package runtime flag."
DNAmLeptin,grimage2leptin,tissue,tissues_derived,"[""whole blood""]",blood,normalized_equal,
DNAmLeptin,grimage2leptin,platform,array_type_trained,"[""Illumina 450K""]",450K,normalized_equal,
DNAmLeptin,grimage2leptin,model_type,training_algorithm,elastic net regression,elastic net,normalized_equal,
DNAmLeptin,grimage2leptin,n_features,n_cpgs,187,187,equal,
DNAmLeptin,grimage2leptin,doi,primary citation doi,https://doi.org/10.18632/aging.204434,"[""10.18632/aging.101684""]",publication_difference,
DNAmLeptin,grimage2leptin,year,primary citation year,2022,"[""2019""]",publication_difference,
DNAmLeptin,grimage2leptin,journal,primary citation journal,Aging,"[""Aging""]",text_comparison_only,Journal abbreviations and author-name formatting are not scientific discrepancies.
DNAmLeptin,grimage2leptin,last_author,primary citation last_author,Steve Horvath,"[""Horvath, Steve""]",text_comparison_only,Journal abbreviations and author-name formatting are not scientific discrepancies.
DNAmLeptin,grimage2leptin,notes,description,Leptin is an adipose-derived hormone regulating energy balance; DNAm leptin is a GrimAge component.,"A blood DNA-methylation surrogate for plasma leptin, one of the eight protein components of DNAm GrimAge, and notably sex-dimorphic (elevated in females).",text_comparison_only,Independent descriptions; wording differences do not establish errors.
DNAmLeptin,grimage2leptin,population,training age/cohort,older adults,"{""cohort_trained"": ""Framingham Heart Study (FHS) Offspring Cohort"", ""n_samples_trained"": ""1731"", ""age_min_trained"": ""40"", ""age_max_trained"": ""92"", ""age_unit_trained"": ""years"", ""health_status_trained"": ""population-based"", ""sex_distribution_trained"": ""54% female"", ""ancestry_trained"": ""European""}",different_granularity,These detailed training descriptors have no direct structured equivalent in pyaging.
DNAmLeptin,grimage2leptin,preprocess,normalization,,none,runtime_contract_review,Compare current package behavior and defaults separately from the original-author specification; method names alone are insufficient.
DNAmLeptin,grimage2leptin,reference_values,imputation_policy,True,omit,runtime_contract_review,Compare current package behavior and defaults separately from the original-author specification; method names alone are insufficient.
DNAmLeptin,grimage2leptin,postprocess,output_transform,cox_to_years,identity,runtime_contract_review,Compare current package behavior and defaults separately from the original-author specification; method names alone are insufficient.
DNAmLeptin,grimage2leptin,unstructured covariates,covariates_required,,[],new_field_candidate,Upstream direct-only requirements may omit dependencies; resolve the transitive input graph.
DNAmLeptin,grimage2leptin,unstructured batch dependence,batch_dependent,,False,new_field_candidate,"Describe pyaging cohort dependence, not the other package runtime flag."
DNAmPACKYRS,grimage2packyrs,tissue,tissues_derived,"[""whole blood""]",blood,normalized_equal,
DNAmPACKYRS,grimage2packyrs,platform,array_type_trained,"[""Illumina 450K""]",450K,normalized_equal,
DNAmPACKYRS,grimage2packyrs,model_type,training_algorithm,elastic net regression,elastic net,normalized_equal,
DNAmPACKYRS,grimage2packyrs,n_features,n_cpgs,173,172,definition_or_value_difference,"pyaging counts packaged model features; upstream counts scoring CpGs. Compare covariates, routed unions, normalization panels and effective nonzero columns."
DNAmPACKYRS,grimage2packyrs,doi,primary citation doi,https://doi.org/10.18632/aging.204434,"[""10.18632/aging.101684""]",publication_difference,
DNAmPACKYRS,grimage2packyrs,year,primary citation year,2022,"[""2019""]",publication_difference,
DNAmPACKYRS,grimage2packyrs,journal,primary citation journal,Aging,"[""Aging""]",text_comparison_only,Journal abbreviations and author-name formatting are not scientific discrepancies.
DNAmPACKYRS,grimage2packyrs,last_author,primary citation last_author,Steve Horvath,"[""Horvath, Steve""]",text_comparison_only,Journal abbreviations and author-name formatting are not scientific discrepancies.
DNAmPACKYRS,grimage2packyrs,notes,description,DNAm PACKYRS is a methylation surrogate for cumulative smoking exposure and a GrimAge component.,"DNAmPACKYRS is a blood DNA-methylation surrogate for cumulative smoking pack-years and one of the eight components of the GrimAge mortality clock, standing out as a strong standalone mortality predictor that forecasts lifespan even in never-smokers.",text_comparison_only,Independent descriptions; wording differences do not establish errors.
DNAmPACKYRS,grimage2packyrs,population,training age/cohort,older adults,"{""cohort_trained"": ""Framingham Heart Study (FHS) Offspring Cohort"", ""n_samples_trained"": ""1731"", ""age_min_trained"": ""40"", ""age_max_trained"": ""92"", ""age_unit_trained"": ""years"", ""health_status_trained"": ""population-based"", ""sex_distribution_trained"": ""54% female"", ""ancestry_trained"": ""European""}",different_granularity,These detailed training descriptors have no direct structured equivalent in pyaging.
DNAmPACKYRS,grimage2packyrs,preprocess,normalization,,none,runtime_contract_review,Compare current package behavior and defaults separately from the original-author specification; method names alone are insufficient.
DNAmPACKYRS,grimage2packyrs,reference_values,imputation_policy,True,omit,runtime_contract_review,Compare current package behavior and defaults separately from the original-author specification; method names alone are insufficient.
DNAmPACKYRS,grimage2packyrs,postprocess,output_transform,cox_to_years,identity,runtime_contract_review,Compare current package behavior and defaults separately from the original-author specification; method names alone are insufficient.
DNAmPACKYRS,grimage2packyrs,unstructured covariates,covariates_required,,"[""Age""]",new_field_candidate,Upstream direct-only requirements may omit dependencies; resolve the transitive input graph.
DNAmPACKYRS,grimage2packyrs,unstructured batch dependence,batch_dependent,,False,new_field_candidate,"Describe pyaging cohort dependence, not the other package runtime flag."
DNAmPAI1,grimage2pai1,tissue,tissues_derived,"[""whole blood""]",blood,normalized_equal,
DNAmPAI1,grimage2pai1,platform,array_type_trained,"[""Illumina 450K""]",450K,normalized_equal,
DNAmPAI1,grimage2pai1,model_type,training_algorithm,elastic net regression,elastic net,normalized_equal,
DNAmPAI1,grimage2pai1,n_features,n_cpgs,211,211,equal,
DNAmPAI1,grimage2pai1,doi,primary citation doi,https://doi.org/10.18632/aging.204434,"[""10.18632/aging.101684""]",publication_difference,
DNAmPAI1,grimage2pai1,year,primary citation year,2022,"[""2019""]",publication_difference,
DNAmPAI1,grimage2pai1,journal,primary citation journal,Aging,"[""Aging""]",text_comparison_only,Journal abbreviations and author-name formatting are not scientific discrepancies.
DNAmPAI1,grimage2pai1,last_author,primary citation last_author,Steve Horvath,"[""Horvath, Steve""]",text_comparison_only,Journal abbreviations and author-name formatting are not scientific discrepancies.
DNAmPAI1,grimage2pai1,notes,description,PAI-1 is linked to inflammation and metabolic conditions; DNAm PAI-1 is a GrimAge component.,"A blood-DNAm surrogate for plasma PAI-1 that is the strongest single GrimAge component for several age-related traits, including comorbidity count and type 2 diabetes.",text_comparison_only,Independent descriptions; wording differences do not establish errors.
DNAmPAI1,grimage2pai1,population,training age/cohort,older adults,"{""cohort_trained"": ""Framingham Heart Study (FHS) Offspring Cohort"", ""n_samples_trained"": ""1731"", ""age_min_trained"": ""40"", ""age_max_trained"": ""92"", ""age_unit_trained"": ""years"", ""health_status_trained"": ""population-based"", ""sex_distribution_trained"": ""54% female"", ""ancestry_trained"": ""European""}",different_granularity,These detailed training descriptors have no direct structured equivalent in pyaging.
DNAmPAI1,grimage2pai1,preprocess,normalization,,none,runtime_contract_review,Compare current package behavior and defaults separately from the original-author specification; method names alone are insufficient.
DNAmPAI1,grimage2pai1,reference_values,imputation_policy,True,omit,runtime_contract_review,Compare current package behavior and defaults separately from the original-author specification; method names alone are insufficient.
DNAmPAI1,grimage2pai1,postprocess,output_transform,,identity,runtime_contract_review,Compare current package behavior and defaults separately from the original-author specification; method names alone are insufficient.
DNAmPAI1,grimage2pai1,unstructured covariates,covariates_required,,[],new_field_candidate,Upstream direct-only requirements may omit dependencies; resolve the transitive input graph.
DNAmPAI1,grimage2pai1,unstructured batch dependence,batch_dependent,,False,new_field_candidate,"Describe pyaging cohort dependence, not the other package runtime flag."
DNAmSex_Wang_ChrX,xchrom,tissue,tissues_derived,"[""whole blood""]",,upstream_missing,
DNAmSex_Wang_ChrX,xchrom,platform,array_type_trained,"[""Illumina 450K""]",,upstream_missing,
DNAmSex_Wang_ChrX,xchrom,model_type,training_algorithm,principal component analysis,,upstream_missing,
DNAmSex_Wang_ChrX,xchrom,n_features,n_cpgs,4047,4047,equal,
DNAmSex_Wang_ChrX,xchrom,doi,primary citation doi,https://doi.org/10.1186/s12864-021-07675-2,"[""10.1186/s12864-021-07675-2""]",normalized_equal,
DNAmSex_Wang_ChrX,xchrom,year,primary citation year,2021,"[""2021""]",equal,
DNAmSex_Wang_ChrX,xchrom,journal,primary citation journal,BMC Genomics,"[""BMC genomics""]",text_comparison_only,Journal abbreviations and author-name formatting are not scientific discrepancies.
DNAmSex_Wang_ChrX,xchrom,last_author,primary citation last_author,Leonard C. Schalkwyk,"[""Schalkwyk, Leonard C""]",text_comparison_only,Journal abbreviations and author-name formatting are not scientific discrepancies.
DNAmSex_Wang_ChrX,xchrom,notes,description,"X-chromosome first-principal-component score used with the Y score to infer X dosage and classify 46,XX, 46,XY, 45,X, and 47,XXY samples. Feature screening and PCA used 450K whole-blood data from 18-year-olds; EPIC data were used for validation.",Wang ChrX score.,text_comparison_only,Independent descriptions; wording differences do not establish errors.
DNAmSex_Wang_ChrX,xchrom,population,training age/cohort,adults,"{""cohort_trained"": null, ""n_samples_trained"": null, ""age_min_trained"": null, ""age_max_trained"": null, ""age_unit_trained"": null, ""health_status_trained"": null, ""sex_distribution_trained"": null, ""ancestry_trained"": null}",different_granularity,These detailed training descriptors have no direct structured equivalent in pyaging.
DNAmSex_Wang_ChrX,xchrom,preprocess,normalization,sex_estimation_autosomal_zscore,none,runtime_contract_review,Compare current package behavior and defaults separately from the original-author specification; method names alone are insufficient.
DNAmSex_Wang_ChrX,xchrom,reference_values,imputation_policy,True,omit,runtime_contract_review,Compare current package behavior and defaults separately from the original-author specification; method names alone are insufficient.
DNAmSex_Wang_ChrX,xchrom,postprocess,output_transform,,identity,runtime_contract_review,Compare current package behavior and defaults separately from the original-author specification; method names alone are insufficient.
DNAmSex_Wang_ChrX,xchrom,unstructured covariates,covariates_required,,[],new_field_candidate,Upstream direct-only requirements may omit dependencies; resolve the transitive input graph.
DNAmSex_Wang_ChrX,xchrom,unstructured batch dependence,batch_dependent,,False,new_field_candidate,"Describe pyaging cohort dependence, not the other package runtime flag."
DNAmSex_Wang_ChrY,ychrom,tissue,tissues_derived,"[""whole blood""]",,upstream_missing,
DNAmSex_Wang_ChrY,ychrom,platform,array_type_trained,"[""Illumina 450K""]",,upstream_missing,
DNAmSex_Wang_ChrY,ychrom,model_type,training_algorithm,principal component analysis,,upstream_missing,
DNAmSex_Wang_ChrY,ychrom,n_features,n_cpgs,284,284,equal,
DNAmSex_Wang_ChrY,ychrom,doi,primary citation doi,https://doi.org/10.1186/s12864-021-07675-2,"[""10.1186/s12864-021-07675-2""]",normalized_equal,
DNAmSex_Wang_ChrY,ychrom,year,primary citation year,2021,"[""2021""]",equal,
DNAmSex_Wang_ChrY,ychrom,journal,primary citation journal,BMC Genomics,"[""BMC genomics""]",text_comparison_only,Journal abbreviations and author-name formatting are not scientific discrepancies.
DNAmSex_Wang_ChrY,ychrom,last_author,primary citation last_author,Leonard C. Schalkwyk,"[""Schalkwyk, Leonard C""]",text_comparison_only,Journal abbreviations and author-name formatting are not scientific discrepancies.
DNAmSex_Wang_ChrY,ychrom,notes,description,"Y-chromosome first-principal-component score used with the X score to infer Y presence and classify 46,XX, 46,XY, 45,X, and 47,XXY samples. Feature screening and PCA used 450K whole-blood data from 18-year-olds; EPIC data were used for validation.",Wang ChrY score.,text_comparison_only,Independent descriptions; wording differences do not establish errors.
DNAmSex_Wang_ChrY,ychrom,population,training age/cohort,adults,"{""cohort_trained"": null, ""n_samples_trained"": null, ""age_min_trained"": null, ""age_max_trained"": null, ""age_unit_trained"": null, ""health_status_trained"": null, ""sex_distribution_trained"": null, ""ancestry_trained"": null}",different_granularity,These detailed training descriptors have no direct structured equivalent in pyaging.
DNAmSex_Wang_ChrY,ychrom,preprocess,normalization,sex_estimation_autosomal_zscore,none,runtime_contract_review,Compare current package behavior and defaults separately from the original-author specification; method names alone are insufficient.
DNAmSex_Wang_ChrY,ychrom,reference_values,imputation_policy,True,omit,runtime_contract_review,Compare current package behavior and defaults separately from the original-author specification; method names alone are insufficient.
DNAmSex_Wang_ChrY,ychrom,postprocess,output_transform,,identity,runtime_contract_review,Compare current package behavior and defaults separately from the original-author specification; method names alone are insufficient.
DNAmSex_Wang_ChrY,ychrom,unstructured covariates,covariates_required,,[],new_field_candidate,Upstream direct-only requirements may omit dependencies; resolve the transitive input graph.
DNAmSex_Wang_ChrY,ychrom,unstructured batch dependence,batch_dependent,,False,new_field_candidate,"Describe pyaging cohort dependence, not the other package runtime flag."
DNAmStress,dnamstress,tissue,tissues_derived,"[""whole blood""]",blood,normalized_equal,
DNAmStress,dnamstress,platform,array_type_trained,"[""Illumina EPIC""]",EPICv1,normalized_equal,
DNAmStress,dnamstress,model_type,training_algorithm,bootstrap-stabilized elastic net regression,elastic net,definition_or_value_difference,Compare fitting algorithm with serialized/algebraically folded implementation.
DNAmStress,dnamstress,n_features,n_cpgs,211,211,equal,
DNAmStress,dnamstress,doi,primary citation doi,https://doi.org/10.1016/j.biopsych.2022.06.036,"[""10.1016/j.biopsych.2022.06.036""]",normalized_equal,
DNAmStress,dnamstress,year,primary citation year,2023,"[""2023""]",equal,
DNAmStress,dnamstress,journal,primary citation journal,Biological Psychiatry,"[""Biological psychiatry""]",text_comparison_only,Journal abbreviations and author-name formatting are not scientific discrepancies.
DNAmStress,dnamstress,last_author,primary citation last_author,Falk W. Lohoff,"[""Lohoff, Falk W""]",text_comparison_only,Journal abbreviations and author-name formatting are not scientific discrepancies.
DNAmStress,dnamstress,notes,description,Whole-blood methylation score (MS stress) derived as a 211-CpG proxy for a composite of 13 stress-related measures.,"DNAmStress (MS stress) is a whole-blood DNA methylation surrogate for a Composite Score of Stress distilled by factor analysis from 13 stress-related measures including morning cortisol, and was uniquely developed in an alcohol-use-disorder case-control cohort.",text_comparison_only,Independent descriptions; wording differences do not establish errors.
DNAmStress,dnamstress,population,training age/cohort,adults,"{""cohort_trained"": ""NIAAA Discovery Stress Cohort"", ""n_samples_trained"": ""317"", ""age_min_trained"": ""24.12"", ""age_max_trained"": ""57.33"", ""age_unit_trained"": ""years"", ""health_status_trained"": ""disease-enriched"", ""sex_distribution_trained"": ""44% female"", ""ancestry_trained"": ""European (n=164); African (n=142)""}",different_granularity,These detailed training descriptors have no direct structured equivalent in pyaging.
DNAmStress,dnamstress,preprocess,normalization,,none,runtime_contract_review,Compare current package behavior and defaults separately from the original-author specification; method names alone are insufficient.
DNAmStress,dnamstress,reference_values,imputation_policy,,omit,runtime_contract_review,Compare current package behavior and defaults separately from the original-author specification; method names alone are insufficient.
DNAmStress,dnamstress,postprocess,output_transform,,identity,runtime_contract_review,Compare current package behavior and defaults separately from the original-author specification; method names alone are insufficient.
DNAmStress,dnamstress,unstructured covariates,covariates_required,,[],new_field_candidate,Upstream direct-only requirements may omit dependencies; resolve the transitive input graph.
DNAmStress,dnamstress,unstructured batch dependence,batch_dependent,,False,new_field_candidate,"Describe pyaging cohort dependence, not the other package runtime flag."
DNAmTIMP1,grimage2timp1,tissue,tissues_derived,"[""whole blood""]",blood,normalized_equal,
DNAmTIMP1,grimage2timp1,platform,array_type_trained,"[""Illumina 450K""]",450K,normalized_equal,
DNAmTIMP1,grimage2timp1,model_type,training_algorithm,elastic net regression,elastic net,normalized_equal,
DNAmTIMP1,grimage2timp1,n_features,n_cpgs,43,42,definition_or_value_difference,"pyaging counts packaged model features; upstream counts scoring CpGs. Compare covariates, routed unions, normalization panels and effective nonzero columns."
DNAmTIMP1,grimage2timp1,doi,primary citation doi,https://doi.org/10.18632/aging.204434,"[""10.18632/aging.101684""]",publication_difference,
DNAmTIMP1,grimage2timp1,year,primary citation year,2022,"[""2019""]",publication_difference,
DNAmTIMP1,grimage2timp1,journal,primary citation journal,Aging,"[""Aging""]",text_comparison_only,Journal abbreviations and author-name formatting are not scientific discrepancies.
DNAmTIMP1,grimage2timp1,last_author,primary citation last_author,Steve Horvath,"[""Horvath, Steve""]",text_comparison_only,Journal abbreviations and author-name formatting are not scientific discrepancies.
DNAmTIMP1,grimage2timp1,notes,description,TIMP-1 inhibits metalloproteinases and has proliferative/anti-apoptotic roles; DNAm TIMP-1 is a GrimAge component.,"A blood DNA-methylation surrogate for plasma TIMP-1 and one of GrimAge's eight components, distinctive as the single component most strongly correlated with GrimAge itself (r=0.90).",text_comparison_only,Independent descriptions; wording differences do not establish errors.
DNAmTIMP1,grimage2timp1,population,training age/cohort,older adults,"{""cohort_trained"": ""Framingham Heart Study (FHS) Offspring Cohort"", ""n_samples_trained"": ""1731"", ""age_min_trained"": ""40"", ""age_max_trained"": ""92"", ""age_unit_trained"": ""years"", ""health_status_trained"": ""population-based"", ""sex_distribution_trained"": ""54% female"", ""ancestry_trained"": ""European""}",different_granularity,These detailed training descriptors have no direct structured equivalent in pyaging.
DNAmTIMP1,grimage2timp1,preprocess,normalization,,none,runtime_contract_review,Compare current package behavior and defaults separately from the original-author specification; method names alone are insufficient.
DNAmTIMP1,grimage2timp1,reference_values,imputation_policy,True,omit,runtime_contract_review,Compare current package behavior and defaults separately from the original-author specification; method names alone are insufficient.
DNAmTIMP1,grimage2timp1,postprocess,output_transform,cox_to_years,identity,runtime_contract_review,Compare current package behavior and defaults separately from the original-author specification; method names alone are insufficient.
DNAmTIMP1,grimage2timp1,unstructured covariates,covariates_required,,"[""Age""]",new_field_candidate,Upstream direct-only requirements may omit dependencies; resolve the transitive input graph.
DNAmTIMP1,grimage2timp1,unstructured batch dependence,batch_dependent,,False,new_field_candidate,"Describe pyaging cohort dependence, not the other package runtime flag."
DNAmTL,dnamtl,tissue,tissues_derived,"[""whole blood""]",blood,normalized_equal,
DNAmTL,dnamtl,platform,array_type_trained,"[""Illumina 450K"", ""Illumina EPIC""]",450K; EPICv1,normalized_equal,
DNAmTL,dnamtl,model_type,training_algorithm,elastic net regression,elastic net,normalized_equal,
DNAmTL,dnamtl,n_features,n_cpgs,140,140,equal,
DNAmTL,dnamtl,doi,primary citation doi,https://doi.org/10.18632/aging.102173,"[""10.18632/aging.102173""]",normalized_equal,
DNAmTL,dnamtl,year,primary citation year,2019,"[""2019""]",equal,
DNAmTL,dnamtl,journal,primary citation journal,Aging,"[""Aging""]",text_comparison_only,Journal abbreviations and author-name formatting are not scientific discrepancies.
DNAmTL,dnamtl,last_author,primary citation last_author,Steve Horvath,"[""Horvath, Steve""]",text_comparison_only,Journal abbreviations and author-name formatting are not scientific discrepancies.
DNAmTL,dnamtl,notes,description,"Elastic-net blood DNA-methylation estimator of measured leukocyte telomere length, using 140 CpGs shared by the Illumina 450K and EPIC arrays and returning kilobases.","DNAmTL is a DNA-methylation estimator of leukocyte telomere length (in kilobases) rather than of age, and is unusual in being trained in a predominantly African-ancestry, mostly-female cohort (fewer than 20% European).",text_comparison_only,Independent descriptions; wording differences do not establish errors.
DNAmTL,dnamtl,population,training age/cohort,adults,"{""cohort_trained"": ""Women's Health Initiative (WHI); Jackson Heart Study (JHS)"", ""n_samples_trained"": ""2256"", ""age_min_trained"": ""22.2"", ""age_max_trained"": ""93.1"", ""age_unit_trained"": ""years"", ""health_status_trained"": ""population-based"", ""sex_distribution_trained"": ""75% female"", ""ancestry_trained"": ""European; African""}",different_granularity,These detailed training descriptors have no direct structured equivalent in pyaging.
DNAmTL,dnamtl,preprocess,normalization,,none,runtime_contract_review,Compare current package behavior and defaults separately from the original-author specification; method names alone are insufficient.
DNAmTL,dnamtl,reference_values,imputation_policy,,omit,runtime_contract_review,Compare current package behavior and defaults separately from the original-author specification; method names alone are insufficient.
DNAmTL,dnamtl,postprocess,output_transform,,identity,runtime_contract_review,Compare current package behavior and defaults separately from the original-author specification; method names alone are insufficient.
DNAmTL,dnamtl,unstructured covariates,covariates_required,,[],new_field_candidate,Upstream direct-only requirements may omit dependencies; resolve the transitive input graph.
DNAmTL,dnamtl,unstructured batch dependence,batch_dependent,,False,new_field_candidate,"Describe pyaging cohort dependence, not the other package runtime flag."
DNAmlogA1C,grimage2loga1c,tissue,tissues_derived,"[""whole blood""]",blood,normalized_equal,
DNAmlogA1C,grimage2loga1c,platform,array_type_trained,"[""Illumina 450K""]",450K,normalized_equal,
DNAmlogA1C,grimage2loga1c,model_type,training_algorithm,elastic net regression,elastic net,normalized_equal,
DNAmlogA1C,grimage2loga1c,n_features,n_cpgs,87,86,definition_or_value_difference,"pyaging counts packaged model features; upstream counts scoring CpGs. Compare covariates, routed unions, normalization panels and effective nonzero columns."
DNAmlogA1C,grimage2loga1c,doi,primary citation doi,https://doi.org/10.18632/aging.204434,"[""10.18632/aging.204434""]",normalized_equal,
DNAmlogA1C,grimage2loga1c,year,primary citation year,2022,"[""2022""]",equal,
DNAmlogA1C,grimage2loga1c,journal,primary citation journal,Aging,"[""Aging""]",text_comparison_only,Journal abbreviations and author-name formatting are not scientific discrepancies.
DNAmlogA1C,grimage2loga1c,last_author,primary citation last_author,Steve Horvath,"[""Horvath, Steve""]",text_comparison_only,Journal abbreviations and author-name formatting are not scientific discrepancies.
DNAmlogA1C,grimage2loga1c,notes,description,DNAm logA1C estimates the natural logarithm of winsorized hemoglobin A1C percentage and was newly added to GrimAge2.,"A blood DNA-methylation surrogate of log hemoglobin A1C, newly introduced in GrimAge2 as one of its glycemic biomarker components, drawn from the 1030-CpG GrimAge panel.",text_comparison_only,Independent descriptions; wording differences do not establish errors.
DNAmlogA1C,grimage2loga1c,population,training age/cohort,older adults,"{""cohort_trained"": ""Framingham Heart Study (FHS) Offspring Cohort"", ""n_samples_trained"": ""1833"", ""age_min_trained"": ""40"", ""age_max_trained"": ""92"", ""age_unit_trained"": ""years"", ""health_status_trained"": ""population-based"", ""sex_distribution_trained"": ""54% female"", ""ancestry_trained"": ""European""}",different_granularity,These detailed training descriptors have no direct structured equivalent in pyaging.
DNAmlogA1C,grimage2loga1c,preprocess,normalization,,none,runtime_contract_review,Compare current package behavior and defaults separately from the original-author specification; method names alone are insufficient.
DNAmlogA1C,grimage2loga1c,reference_values,imputation_policy,True,omit,runtime_contract_review,Compare current package behavior and defaults separately from the original-author specification; method names alone are insufficient.
DNAmlogA1C,grimage2loga1c,postprocess,output_transform,cox_to_years,identity,runtime_contract_review,Compare current package behavior and defaults separately from the original-author specification; method names alone are insufficient.
DNAmlogA1C,grimage2loga1c,unstructured covariates,covariates_required,,"[""Age""]",new_field_candidate,Upstream direct-only requirements may omit dependencies; resolve the transitive input graph.
DNAmlogA1C,grimage2loga1c,unstructured batch dependence,batch_dependent,,False,new_field_candidate,"Describe pyaging cohort dependence, not the other package runtime flag."
DNAmlogCRP,grimage2logcrp,tissue,tissues_derived,"[""whole blood""]",blood,normalized_equal,
DNAmlogCRP,grimage2logcrp,platform,array_type_trained,"[""Illumina 450K""]",450K,normalized_equal,
DNAmlogCRP,grimage2logcrp,model_type,training_algorithm,elastic net regression,elastic net,normalized_equal,
DNAmlogCRP,grimage2logcrp,n_features,n_cpgs,132,132,equal,
DNAmlogCRP,grimage2logcrp,doi,primary citation doi,https://doi.org/10.18632/aging.204434,"[""10.18632/aging.204434""]",normalized_equal,
DNAmlogCRP,grimage2logcrp,year,primary citation year,2022,"[""2022""]",equal,
DNAmlogCRP,grimage2logcrp,journal,primary citation journal,Aging,"[""Aging""]",text_comparison_only,Journal abbreviations and author-name formatting are not scientific discrepancies.
DNAmlogCRP,grimage2logcrp,last_author,primary citation last_author,Steve Horvath,"[""Horvath, Steve""]",text_comparison_only,Journal abbreviations and author-name formatting are not scientific discrepancies.
DNAmlogCRP,grimage2logcrp,notes,description,DNAm logCRP estimates the natural logarithm of winsorized high-sensitivity CRP concentration and was newly added to GrimAge2.,"A blood DNA-methylation surrogate of log C-reactive protein, newly introduced in GrimAge2 as one of two added inflammation/glycemia biomarker components (alongside DNAmlogA1C).",text_comparison_only,Independent descriptions; wording differences do not establish errors.
DNAmlogCRP,grimage2logcrp,population,training age/cohort,older adults,"{""cohort_trained"": ""Framingham Heart Study (FHS) Offspring Cohort"", ""n_samples_trained"": ""1833"", ""age_min_trained"": ""40"", ""age_max_trained"": ""92"", ""age_unit_trained"": ""years"", ""health_status_trained"": ""population-based"", ""sex_distribution_trained"": ""54% female"", ""ancestry_trained"": ""European""}",different_granularity,These detailed training descriptors have no direct structured equivalent in pyaging.
DNAmlogCRP,grimage2logcrp,preprocess,normalization,,none,runtime_contract_review,Compare current package behavior and defaults separately from the original-author specification; method names alone are insufficient.
DNAmlogCRP,grimage2logcrp,reference_values,imputation_policy,True,omit,runtime_contract_review,Compare current package behavior and defaults separately from the original-author specification; method names alone are insufficient.
DNAmlogCRP,grimage2logcrp,postprocess,output_transform,cox_to_years,identity,runtime_contract_review,Compare current package behavior and defaults separately from the original-author specification; method names alone are insufficient.
DNAmlogCRP,grimage2logcrp,unstructured covariates,covariates_required,,[],new_field_candidate,Upstream direct-only requirements may omit dependencies; resolve the transitive input graph.
DNAmlogCRP,grimage2logcrp,unstructured batch dependence,batch_dependent,,False,new_field_candidate,"Describe pyaging cohort dependence, not the other package runtime flag."
DamAge,yingdamage,tissue,tissues_derived,"[""whole blood""]",blood,normalized_equal,
DamAge,yingdamage,platform,array_type_trained,"[""Illumina 450K""]",450K,normalized_equal,
DamAge,yingdamage,model_type,training_algorithm,causality-weighted elastic net regression,elastic net,definition_or_value_difference,Compare fitting algorithm with serialized/algebraically folded implementation.
DamAge,yingdamage,n_features,n_cpgs,1089,1089,equal,
DamAge,yingdamage,doi,primary citation doi,https://doi.org/10.1038/s43587-023-00557-0,"[""10.1038/s43587-023-00557-0""]",normalized_equal,
DamAge,yingdamage,year,primary citation year,2024,"[""2024""]",equal,
DamAge,yingdamage,journal,primary citation journal,Nature Aging,"[""Nature aging""]",text_comparison_only,Journal abbreviations and author-name formatting are not scientific discrepancies.
DamAge,yingdamage,last_author,primary citation last_author,Vadim N. Gladyshev,"[""Gladyshev, Vadim N""]",text_comparison_only,Journal abbreviations and author-name formatting are not scientific discrepancies.
DamAge,yingdamage,notes,description,"Causality-enriched age predictor restricted to damaging age-related CpGs, with feature penalties weighted by EWMR causality scores.","DamAge is a third-generation, causality-enriched DNAm clock built only from damaging/detrimental causal CpGs identified by epigenome-wide Mendelian randomization, so that its acceleration tracks harmful methylation change and correlates with mortality.",text_comparison_only,Independent descriptions; wording differences do not establish errors.
DamAge,yingdamage,population,training age/cohort,adults,"{""cohort_trained"": ""London Life Sciences Prospective Population (LOLIPOP)"", ""n_samples_trained"": ""2664"", ""age_min_trained"": ""23.7"", ""age_max_trained"": ""75"", ""age_unit_trained"": ""years"", ""health_status_trained"": ""population-based"", ""sex_distribution_trained"": ""32.1% female"", ""ancestry_trained"": ""South Asian; European""}",different_granularity,These detailed training descriptors have no direct structured equivalent in pyaging.
DamAge,yingdamage,preprocess,normalization,,none,runtime_contract_review,Compare current package behavior and defaults separately from the original-author specification; method names alone are insufficient.
DamAge,yingdamage,reference_values,imputation_policy,,omit,runtime_contract_review,Compare current package behavior and defaults separately from the original-author specification; method names alone are insufficient.
DamAge,yingdamage,postprocess,output_transform,,identity,runtime_contract_review,Compare current package behavior and defaults separately from the original-author specification; method names alone are insufficient.
DamAge,yingdamage,unstructured covariates,covariates_required,,[],new_field_candidate,Upstream direct-only requirements may omit dependencies; resolve the transitive input graph.
DamAge,yingdamage,unstructured batch dependence,batch_dependent,,False,new_field_candidate,"Describe pyaging cohort dependence, not the other package runtime flag."
DunedinPACE,dunedinpace,tissue,tissues_derived,"[""whole blood""]",blood,normalized_equal,
DunedinPACE,dunedinpace,platform,array_type_trained,"[""Illumina EPIC""]",450K; EPICv1,definition_or_value_difference,"Training platform must be separated from compatibility, validation and feature-selection platforms."
DunedinPACE,dunedinpace,model_type,training_algorithm,elastic net regression,elastic net,normalized_equal,
DunedinPACE,dunedinpace,n_features,n_cpgs,20000,173,definition_or_value_difference,"pyaging counts packaged model features; upstream counts scoring CpGs. Compare covariates, routed unions, normalization panels and effective nonzero columns."
DunedinPACE,dunedinpace,doi,primary citation doi,https://doi.org/10.7554/elife.73420,"[""10.7554/elife.73420""]",normalized_equal,
DunedinPACE,dunedinpace,year,primary citation year,2022,"[""2022""]",equal,
DunedinPACE,dunedinpace,journal,primary citation journal,eLife,"[""eLife""]",text_comparison_only,Journal abbreviations and author-name formatting are not scientific discrepancies.
DunedinPACE,dunedinpace,last_author,primary citation last_author,Terrie E. Moffitt,"[""Moffitt, Terrie E""]",text_comparison_only,Journal abbreviations and author-name formatting are not scientific discrepancies.
DunedinPACE,dunedinpace,notes,description,"Whole-blood elastic-net pace-of-aging biomarker trained at age 45 against a 20-year longitudinal slope composite of 19 organ-system biomarkers. PyAging follows the official 20,000-probe quantile-normalization panel: 173 scoring CpGs plus 19,827 background probes.","DunedinPACE is a third-generation blood DNAm biomarker that estimates the current pace of biological aging (biological years per calendar year) by distilling two decades of longitudinal multi-organ decline, and is built on a reliability-filtered probe set for excellent test-retest reproducibility.",text_comparison_only,Independent descriptions; wording differences do not establish errors.
DunedinPACE,dunedinpace,population,training age/cohort,adults,"{""cohort_trained"": ""Dunedin Study"", ""n_samples_trained"": ""817"", ""age_min_trained"": ""26"", ""age_max_trained"": ""45"", ""age_unit_trained"": ""years"", ""health_status_trained"": ""population-based"", ""sex_distribution_trained"": ""48% female"", ""ancestry_trained"": ""European""}",different_granularity,These detailed training descriptors have no direct structured equivalent in pyaging.
DunedinPACE,dunedinpace,preprocess,normalization,quantile_normalization_with_gold_standard,quantile,runtime_contract_review,Compare current package behavior and defaults separately from the original-author specification; method names alone are insufficient.
DunedinPACE,dunedinpace,reference_values,imputation_policy,True,vendor_mean,runtime_contract_review,Compare current package behavior and defaults separately from the original-author specification; method names alone are insufficient.
DunedinPACE,dunedinpace,postprocess,output_transform,,identity,runtime_contract_review,Compare current package behavior and defaults separately from the original-author specification; method names alone are insufficient.
DunedinPACE,dunedinpace,unstructured covariates,covariates_required,,[],new_field_candidate,Upstream direct-only requirements may omit dependencies; resolve the transitive input graph.
DunedinPACE,dunedinpace,unstructured batch dependence,batch_dependent,,False,new_field_candidate,"Describe pyaging cohort dependence, not the other package runtime flag."
DunedinPoAm38,dunedinpoam38,tissue,tissues_derived,"[""whole blood""]",blood,normalized_equal,
DunedinPoAm38,dunedinpoam38,platform,array_type_trained,"[""Illumina 450K""]",450K; EPICv1,definition_or_value_difference,"Training platform must be separated from compatibility, validation and feature-selection platforms."
DunedinPoAm38,dunedinpoam38,model_type,training_algorithm,elastic net regression,elastic net,normalized_equal,
DunedinPoAm38,dunedinpoam38,n_features,n_cpgs,46,46,equal,
DunedinPoAm38,dunedinpoam38,doi,primary citation doi,https://doi.org/10.7554/elife.54870,"[""10.7554/elife.54870""]",normalized_equal,
DunedinPoAm38,dunedinpoam38,year,primary citation year,2020,"[""2020""]",equal,
DunedinPoAm38,dunedinpoam38,journal,primary citation journal,eLife,"[""eLife""]",text_comparison_only,Journal abbreviations and author-name formatting are not scientific discrepancies.
DunedinPoAm38,dunedinpoam38,last_author,primary citation last_author,Terrie E. Moffitt,"[""Moffitt, Terrie E""]",text_comparison_only,Journal abbreviations and author-name formatting are not scientific discrepancies.
DunedinPoAm38,dunedinpoam38,notes,description,"Whole-blood elastic-net estimator of the rate of biological aging, trained at age 38 against a longitudinal 18-biomarker Pace-of-Aging composite measured over ages 26–38.","A third-generation blood clock that measures the pace of biological aging rather than an age, trained against a 12-year, 18-biomarker Pace-of-Aging phenotype in the single-birth-year Dunedin cohort.",text_comparison_only,Independent descriptions; wording differences do not establish errors.
DunedinPoAm38,dunedinpoam38,population,training age/cohort,adults,"{""cohort_trained"": ""Dunedin Study"", ""n_samples_trained"": ""810"", ""age_min_trained"": ""26"", ""age_max_trained"": ""38"", ""age_unit_trained"": ""years"", ""health_status_trained"": ""population-based"", ""sex_distribution_trained"": ""48% female"", ""ancestry_trained"": ""European""}",different_granularity,These detailed training descriptors have no direct structured equivalent in pyaging.
DunedinPoAm38,dunedinpoam38,preprocess,normalization,,none,runtime_contract_review,Compare current package behavior and defaults separately from the original-author specification; method names alone are insufficient.
DunedinPoAm38,dunedinpoam38,reference_values,imputation_policy,,vendor_mean,runtime_contract_review,Compare current package behavior and defaults separately from the original-author specification; method names alone are insufficient.
DunedinPoAm38,dunedinpoam38,postprocess,output_transform,,identity,runtime_contract_review,Compare current package behavior and defaults separately from the original-author specification; method names alone are insufficient.
DunedinPoAm38,dunedinpoam38,unstructured covariates,covariates_required,,[],new_field_candidate,Upstream direct-only requirements may omit dependencies; resolve the transitive input graph.
DunedinPoAm38,dunedinpoam38,unstructured batch dependence,batch_dependent,,False,new_field_candidate,"Describe pyaging cohort dependence, not the other package runtime flag."
EducationMcCartney,mccartneyeducation,tissue,tissues_derived,"[""whole blood""]",blood,normalized_equal,
EducationMcCartney,mccartneyeducation,platform,array_type_trained,"[""Illumina EPIC""]",EPICv1,normalized_equal,
EducationMcCartney,mccartneyeducation,model_type,training_algorithm,LASSO regression,LASSO,normalized_equal,
EducationMcCartney,mccartneyeducation,n_features,n_cpgs,373,373,equal,
EducationMcCartney,mccartneyeducation,doi,primary citation doi,https://doi.org/10.1186/s13059-018-1514-1,"[""10.1186/s13059-018-1514-1""]",normalized_equal,
EducationMcCartney,mccartneyeducation,year,primary citation year,2018,"[""2018""]",equal,
EducationMcCartney,mccartneyeducation,journal,primary citation journal,Genome Biology,"[""Genome biology""]",text_comparison_only,Journal abbreviations and author-name formatting are not scientific discrepancies.
EducationMcCartney,mccartneyeducation,last_author,primary citation last_author,Riccardo E. Marioni,"[""Marioni, Riccardo E""]",text_comparison_only,Journal abbreviations and author-name formatting are not scientific discrepancies.
EducationMcCartney,mccartneyeducation,notes,description,"Whole-blood DNAm LASSO score for educational attainment, trained in Generation Scotland on an age-, sex-, and ancestry-adjusted phenotype residual and evaluated out of sample in LBC1936. The current pyaging implementation applies a sigmoid to the linear score, so the returned value is bounded and unitless. It is neither the original continuous phenotype residual nor a calibrated probability; the paper does not specify this sigmoid.","EducationMcCartney is a whole-blood DNA-methylation surrogate for educational attainment, one of the McCartney 2018 panel of lifestyle/health EpiScores, and is notable for carrying a substantial embedded smoking signal (correlating negatively with the smoking DNAm score).",text_comparison_only,Independent descriptions; wording differences do not establish errors.
EducationMcCartney,mccartneyeducation,population,training age/cohort,adults,"{""cohort_trained"": ""Generation Scotland: The Scottish Family Health Study (GS)"", ""n_samples_trained"": ""4804"", ""age_min_trained"": ""18"", ""age_max_trained"": ""99"", ""age_unit_trained"": ""years"", ""health_status_trained"": ""population-based"", ""sex_distribution_trained"": ""61.5% female"", ""ancestry_trained"": ""European""}",different_granularity,These detailed training descriptors have no direct structured equivalent in pyaging.
EducationMcCartney,mccartneyeducation,preprocess,normalization,,none,runtime_contract_review,Compare current package behavior and defaults separately from the original-author specification; method names alone are insufficient.
EducationMcCartney,mccartneyeducation,reference_values,imputation_policy,,omit,runtime_contract_review,Compare current package behavior and defaults separately from the original-author specification; method names alone are insufficient.
EducationMcCartney,mccartneyeducation,postprocess,output_transform,sigmoid,identity,runtime_contract_review,Compare current package behavior and defaults separately from the original-author specification; method names alone are insufficient.
EducationMcCartney,mccartneyeducation,unstructured covariates,covariates_required,,[],new_field_candidate,Upstream direct-only requirements may omit dependencies; resolve the transitive input graph.
EducationMcCartney,mccartneyeducation,unstructured batch dependence,batch_dependent,,False,new_field_candidate,"Describe pyaging cohort dependence, not the other package runtime flag."
EpiTOC,epitoc1,tissue,tissues_derived,"[""multi-tissue"", ""whole blood""]",blood,definition_or_value_difference,Broad labels versus explicit source tissues can explain apparent differences.
EpiTOC,epitoc1,platform,array_type_trained,"[""Illumina 450K""]",450K,normalized_equal,
EpiTOC,epitoc1,model_type,training_algorithm,mean methylation aggregation,unweighted mean of a priori-selected CpGs (no penalized regression); linear calibration of pcgtAge to chronological age,definition_or_value_difference,Compare fitting algorithm with serialized/algebraically folded implementation.
EpiTOC,epitoc1,n_features,n_cpgs,385,385,equal,
EpiTOC,epitoc1,doi,primary citation doi,https://doi.org/10.1186/s13059-016-1064-3,"[""10.1186/s13059-016-1064-3""]",normalized_equal,
EpiTOC,epitoc1,year,primary citation year,2016,"[""2016""]",equal,
EpiTOC,epitoc1,journal,primary citation journal,Genome Biology,"[""Genome biology""]",text_comparison_only,Journal abbreviations and author-name formatting are not scientific discrepancies.
EpiTOC,epitoc1,last_author,primary citation last_author,Andrew E. Teschendorff,"[""Teschendorff, Andrew E""]",text_comparison_only,Journal abbreviations and author-name formatting are not scientific discrepancies.
EpiTOC,epitoc1,notes,description,Relative mitotic-age score equal to the mean beta value across 385 polycomb-target promoter CpGs; it is not an absolute division count.,"An epigenetic mitotic clock (Epigenetic Timer Of Cancer) that scores the average methylation gain at 385 Polycomb/PRC2 promoter CpGs to approximate cumulative stem-cell divisions and cancer risk, using no penalized regression.",text_comparison_only,Independent descriptions; wording differences do not establish errors.
EpiTOC,epitoc1,population,training age/cohort,all ages,"{""cohort_trained"": ""UCSD and WCH (GSE40279)"", ""n_samples_trained"": ""656"", ""age_min_trained"": null, ""age_max_trained"": null, ""age_unit_trained"": ""years"", ""health_status_trained"": ""population-based"", ""sex_distribution_trained"": ""51.5% female"", ""ancestry_trained"": null}",different_granularity,These detailed training descriptors have no direct structured equivalent in pyaging.
EpiTOC,epitoc1,preprocess,normalization,mean,none,runtime_contract_review,Compare current package behavior and defaults separately from the original-author specification; method names alone are insufficient.
EpiTOC,epitoc1,reference_values,imputation_policy,True,omit,runtime_contract_review,Compare current package behavior and defaults separately from the original-author specification; method names alone are insufficient.
EpiTOC,epitoc1,postprocess,output_transform,,identity,runtime_contract_review,Compare current package behavior and defaults separately from the original-author specification; method names alone are insufficient.
EpiTOC,epitoc1,unstructured covariates,covariates_required,,[],new_field_candidate,Upstream direct-only requirements may omit dependencies; resolve the transitive input graph.
EpiTOC,epitoc1,unstructured batch dependence,batch_dependent,,False,new_field_candidate,"Describe pyaging cohort dependence, not the other package runtime flag."
EpiTOC2,epitoc2,tissue,tissues_derived,"[""whole blood""]",blood,normalized_equal,
EpiTOC2,epitoc2,platform,array_type_trained,"[""Illumina 450K""]",450K,normalized_equal,
EpiTOC2,epitoc2,model_type,training_algorithm,dynamic methylation transmission model,non-linear least squares (nls2),definition_or_value_difference,Compare fitting algorithm with serialized/algebraically folded implementation.
EpiTOC2,epitoc2,n_features,n_cpgs,163,163,equal,
EpiTOC2,epitoc2,doi,primary citation doi,https://doi.org/10.1186/s13073-020-00752-3,"[""10.1186/s13073-020-00752-3""]",normalized_equal,
EpiTOC2,epitoc2,year,primary citation year,2020,"[""2020""]",equal,
EpiTOC2,epitoc2,journal,primary citation journal,Genome Medicine,"[""Genome medicine""]",text_comparison_only,Journal abbreviations and author-name formatting are not scientific discrepancies.
EpiTOC2,epitoc2,last_author,primary citation last_author,Andrew E. Teschendorff,"[""Teschendorff, Andrew E""]",text_comparison_only,Journal abbreviations and author-name formatting are not scientific discrepancies.
EpiTOC2,epitoc2,notes,description,Dynamic methylation-transmission model returning total cumulative stem-cell divisions per stem cell; an intrinsic rate additionally requires chronological age but is not this implementation's returned value.,A blood-derived mitotic clock that directly estimates the cumulative number of stem-cell divisions (TNSC) from 163 PRC2/epiTOC CpGs using a mechanistic DNAm-transmission model fit by non-linear least squares rather than penalized regression.,text_comparison_only,Independent descriptions; wording differences do not establish errors.
EpiTOC2,epitoc2,population,training age/cohort,adults,"{""cohort_trained"": ""UCSD and WCH (GSE40279)"", ""n_samples_trained"": ""656"", ""age_min_trained"": ""19"", ""age_max_trained"": ""101"", ""age_unit_trained"": ""years"", ""health_status_trained"": ""population-based"", ""sex_distribution_trained"": ""51.5% female"", ""ancestry_trained"": null}",different_granularity,These detailed training descriptors have no direct structured equivalent in pyaging.
EpiTOC2,epitoc2,preprocess,normalization,nan_to_zero,none,runtime_contract_review,Compare current package behavior and defaults separately from the original-author specification; method names alone are insufficient.
EpiTOC2,epitoc2,reference_values,imputation_policy,True,omit,runtime_contract_review,Compare current package behavior and defaults separately from the original-author specification; method names alone are insufficient.
EpiTOC2,epitoc2,postprocess,output_transform,,identity,runtime_contract_review,Compare current package behavior and defaults separately from the original-author specification; method names alone are insufficient.
EpiTOC2,epitoc2,unstructured covariates,covariates_required,,[],new_field_candidate,Upstream direct-only requirements may omit dependencies; resolve the transitive input graph.
EpiTOC2,epitoc2,unstructured batch dependence,batch_dependent,,False,new_field_candidate,"Describe pyaging cohort dependence, not the other package runtime flag."
GrimAgeV1,grimage,tissue,tissues_derived,"[""whole blood""]",blood,normalized_equal,
GrimAgeV1,grimage,platform,array_type_trained,"[""Illumina 450K""]",450K,normalized_equal,
GrimAgeV1,grimage,model_type,training_algorithm,two-stage elastic net + Cox regression,Cox elastic net,definition_or_value_difference,Compare fitting algorithm with serialized/algebraically folded implementation.
GrimAgeV1,grimage,n_features,n_cpgs,1032,1030,definition_or_value_difference,"pyaging counts packaged model features; upstream counts scoring CpGs. Compare covariates, routed unions, normalization panels and effective nonzero columns."
GrimAgeV1,grimage,doi,primary citation doi,https://doi.org/10.18632/aging.101684,"[""10.18632/aging.101684""]",normalized_equal,
GrimAgeV1,grimage,year,primary citation year,2019,"[""2019""]",equal,
GrimAgeV1,grimage,journal,primary citation journal,Aging (Albany NY),"[""Aging""]",text_comparison_only,Journal abbreviations and author-name formatting are not scientific discrepancies.
GrimAgeV1,grimage,last_author,primary citation last_author,Steve Horvath,"[""Horvath, Steve""]",text_comparison_only,Journal abbreviations and author-name formatting are not scientific discrepancies.
GrimAgeV1,grimage,notes,description,"Age-calibrated mortality-risk estimator built in two stages from DNAm surrogates for plasma proteins and smoking pack-years, chronological age, and sex.",A landmark 2nd-generation mortality-trained composite clock that predicts time-to-death from DNAm surrogates of plasma proteins and smoking pack-years rather than from chronological age directly.,text_comparison_only,Independent descriptions; wording differences do not establish errors.
GrimAgeV1,grimage,population,training age/cohort,adults,"{""cohort_trained"": ""Framingham Heart Study (FHS) Offspring Cohort"", ""n_samples_trained"": ""1731"", ""age_min_trained"": ""40"", ""age_max_trained"": ""92"", ""age_unit_trained"": ""years"", ""health_status_trained"": ""population-based"", ""sex_distribution_trained"": ""54% female"", ""ancestry_trained"": ""European""}",different_granularity,These detailed training descriptors have no direct structured equivalent in pyaging.
GrimAgeV1,grimage,preprocess,normalization,,none,runtime_contract_review,Compare current package behavior and defaults separately from the original-author specification; method names alone are insufficient.
GrimAgeV1,grimage,reference_values,imputation_policy,True,omit,runtime_contract_review,Compare current package behavior and defaults separately from the original-author specification; method names alone are insufficient.
GrimAgeV1,grimage,postprocess,output_transform,cox_to_years,identity,runtime_contract_review,Compare current package behavior and defaults separately from the original-author specification; method names alone are insufficient.
GrimAgeV1,grimage,unstructured covariates,covariates_required,,"[""Age"", ""Female""]",new_field_candidate,Upstream direct-only requirements may omit dependencies; resolve the transitive input graph.
GrimAgeV1,grimage,unstructured batch dependence,batch_dependent,,False,new_field_candidate,"Describe pyaging cohort dependence, not the other package runtime flag."
GrimAgeV2,grimage2,tissue,tissues_derived,"[""whole blood""]",blood,normalized_equal,
GrimAgeV2,grimage2,platform,array_type_trained,"[""Illumina 450K""]",450K,normalized_equal,
GrimAgeV2,grimage2,model_type,training_algorithm,elastic net Cox regression,Cox elastic net,definition_or_value_difference,Compare fitting algorithm with serialized/algebraically folded implementation.
GrimAgeV2,grimage2,n_features,n_cpgs,1032,1030,definition_or_value_difference,"pyaging counts packaged model features; upstream counts scoring CpGs. Compare covariates, routed unions, normalization panels and effective nonzero columns."
GrimAgeV2,grimage2,doi,primary citation doi,https://doi.org/10.18632/aging.204434,"[""10.18632/aging.204434""]",normalized_equal,
GrimAgeV2,grimage2,year,primary citation year,2022,"[""2022""]",equal,
GrimAgeV2,grimage2,journal,primary citation journal,Aging,"[""Aging""]",text_comparison_only,Journal abbreviations and author-name formatting are not scientific discrepancies.
GrimAgeV2,grimage2,last_author,primary citation last_author,Steve Horvath,"[""Horvath, Steve""]",text_comparison_only,Journal abbreviations and author-name formatting are not scientific discrepancies.
GrimAgeV2,grimage2,notes,description,Mortality-risk epigenetic clock combining ten blood DNAm surrogate biomarkers with chronological age and sex; the Cox linear predictor is calibrated to an age-like value in years.,GrimAge2 is an updated mortality-trained DNAm composite that adds DNAm surrogates for log C-reactive protein and log HbA1c to the original GrimAge and demonstrates broader multi-ancestry validation.,text_comparison_only,Independent descriptions; wording differences do not establish errors.
GrimAgeV2,grimage2,population,training age/cohort,older adults,"{""cohort_trained"": ""Framingham Heart Study (FHS) Offspring Cohort"", ""n_samples_trained"": ""1833"", ""age_min_trained"": ""40"", ""age_max_trained"": ""92"", ""age_unit_trained"": ""years"", ""health_status_trained"": ""population-based"", ""sex_distribution_trained"": ""54% female"", ""ancestry_trained"": ""European""}",different_granularity,These detailed training descriptors have no direct structured equivalent in pyaging.
GrimAgeV2,grimage2,preprocess,normalization,,none,runtime_contract_review,Compare current package behavior and defaults separately from the original-author specification; method names alone are insufficient.
GrimAgeV2,grimage2,reference_values,imputation_policy,True,omit,runtime_contract_review,Compare current package behavior and defaults separately from the original-author specification; method names alone are insufficient.
GrimAgeV2,grimage2,postprocess,output_transform,cox_to_years,identity,runtime_contract_review,Compare current package behavior and defaults separately from the original-author specification; method names alone are insufficient.
GrimAgeV2,grimage2,unstructured covariates,covariates_required,,"[""Age"", ""Female""]",new_field_candidate,Upstream direct-only requirements may omit dependencies; resolve the transitive input graph.
GrimAgeV2,grimage2,unstructured batch dependence,batch_dependent,,False,new_field_candidate,"Describe pyaging cohort dependence, not the other package runtime flag."
HDLCholesterolMcCartney,mccartneyhdlcholesterol,tissue,tissues_derived,"[""whole blood""]",blood,normalized_equal,
HDLCholesterolMcCartney,mccartneyhdlcholesterol,platform,array_type_trained,"[""Illumina EPIC""]",EPICv1,normalized_equal,
HDLCholesterolMcCartney,mccartneyhdlcholesterol,model_type,training_algorithm,LASSO regression,LASSO,normalized_equal,
HDLCholesterolMcCartney,mccartneyhdlcholesterol,n_features,n_cpgs,737,737,equal,
HDLCholesterolMcCartney,mccartneyhdlcholesterol,doi,primary citation doi,https://doi.org/10.1186/s13059-018-1514-1,"[""10.1186/s13059-018-1514-1""]",normalized_equal,
HDLCholesterolMcCartney,mccartneyhdlcholesterol,year,primary citation year,2018,"[""2018""]",equal,
HDLCholesterolMcCartney,mccartneyhdlcholesterol,journal,primary citation journal,Genome Biology,"[""Genome biology""]",text_comparison_only,Journal abbreviations and author-name formatting are not scientific discrepancies.
HDLCholesterolMcCartney,mccartneyhdlcholesterol,last_author,primary citation last_author,Riccardo E. Marioni,"[""Marioni, Riccardo E""]",text_comparison_only,Journal abbreviations and author-name formatting are not scientific discrepancies.
HDLCholesterolMcCartney,mccartneyhdlcholesterol,notes,description,"Whole-blood DNAm LASSO score for HDL cholesterol, trained in Generation Scotland on an age-, sex-, and ancestry-adjusted phenotype residual and evaluated out of sample in LBC1936. The current pyaging implementation applies a sigmoid to the linear score, so the returned value is bounded and unitless. It is neither the original continuous phenotype residual nor a calibrated probability; the paper does not specify this sigmoid.","One of nine McCartney 2018 DNAm health surrogates from Generation Scotland, HDLCholesterolMcCartney stands out as the best-performing cholesterol EpiScore, its methylation score explaining 15.6% of HDL cholesterol variance in independent validation.",text_comparison_only,Independent descriptions; wording differences do not establish errors.
HDLCholesterolMcCartney,mccartneyhdlcholesterol,population,training age/cohort,adults,"{""cohort_trained"": ""Generation Scotland: The Scottish Family Health Study (GS)"", ""n_samples_trained"": ""4192"", ""age_min_trained"": ""18"", ""age_max_trained"": ""99"", ""age_unit_trained"": ""years"", ""health_status_trained"": ""population-based"", ""sex_distribution_trained"": ""61.5% female"", ""ancestry_trained"": ""European""}",different_granularity,These detailed training descriptors have no direct structured equivalent in pyaging.
HDLCholesterolMcCartney,mccartneyhdlcholesterol,preprocess,normalization,,none,runtime_contract_review,Compare current package behavior and defaults separately from the original-author specification; method names alone are insufficient.
HDLCholesterolMcCartney,mccartneyhdlcholesterol,reference_values,imputation_policy,,omit,runtime_contract_review,Compare current package behavior and defaults separately from the original-author specification; method names alone are insufficient.
HDLCholesterolMcCartney,mccartneyhdlcholesterol,postprocess,output_transform,sigmoid,identity,runtime_contract_review,Compare current package behavior and defaults separately from the original-author specification; method names alone are insufficient.
HDLCholesterolMcCartney,mccartneyhdlcholesterol,unstructured covariates,covariates_required,,[],new_field_candidate,Upstream direct-only requirements may omit dependencies; resolve the transitive input graph.
HDLCholesterolMcCartney,mccartneyhdlcholesterol,unstructured batch dependence,batch_dependent,,False,new_field_candidate,"Describe pyaging cohort dependence, not the other package runtime flag."
HRSInChPhenoAge,hrsinchphenoage,tissue,tissues_derived,"[""whole blood""]",blood,normalized_equal,
HRSInChPhenoAge,hrsinchphenoage,platform,array_type_trained,"[""Illumina 450K"", ""Illumina EPIC""]",450K; EPICv1,normalized_equal,
HRSInChPhenoAge,hrsinchphenoage,model_type,training_algorithm,weighted linear score,elastic net,definition_or_value_difference,Compare fitting algorithm with serialized/algebraically folded implementation.
HRSInChPhenoAge,hrsinchphenoage,n_features,n_cpgs,959,959,equal,
HRSInChPhenoAge,hrsinchphenoage,doi,primary citation doi,https://doi.org/10.1038/s43587-022-00248-2,"[""10.1038/s43587-022-00248-2""]",normalized_equal,
HRSInChPhenoAge,hrsinchphenoage,year,primary citation year,2022,"[""2022""]",equal,
HRSInChPhenoAge,hrsinchphenoage,journal,primary citation journal,Nature Aging,"[""Nature aging""]",text_comparison_only,Journal abbreviations and author-name formatting are not scientific discrepancies.
HRSInChPhenoAge,hrsinchphenoage,last_author,primary citation last_author,Morgan E. Levine,"[""Levine, Morgan E""]",text_comparison_only,Journal abbreviations and author-name formatting are not scientific discrepancies.
HRSInChPhenoAge,hrsinchphenoage,notes,description,CpG-weighted HRS/InCHIANTI retraining of DNAm PhenoAge produced during the PC-clocks work; this implementation is not a principal-component clock.,"A CpG-based PhenoAge retrained in HRS plus InCHIANTI, serving as the standard (non-PC) comparison clock against which the reliability-enhanced PCPhenoAge is benchmarked.",text_comparison_only,Independent descriptions; wording differences do not establish errors.
HRSInChPhenoAge,hrsinchphenoage,population,training age/cohort,adults,"{""cohort_trained"": ""Health and Retirement Study (HRS); InCHIANTI"", ""n_samples_trained"": ""4505"", ""age_min_trained"": ""21"", ""age_max_trained"": ""100"", ""age_unit_trained"": ""years"", ""health_status_trained"": ""population-based"", ""sex_distribution_trained"": null, ""ancestry_trained"": null}",different_granularity,These detailed training descriptors have no direct structured equivalent in pyaging.
HRSInChPhenoAge,hrsinchphenoage,preprocess,normalization,,none,runtime_contract_review,Compare current package behavior and defaults separately from the original-author specification; method names alone are insufficient.
HRSInChPhenoAge,hrsinchphenoage,reference_values,imputation_policy,,omit,runtime_contract_review,Compare current package behavior and defaults separately from the original-author specification; method names alone are insufficient.
HRSInChPhenoAge,hrsinchphenoage,postprocess,output_transform,,identity,runtime_contract_review,Compare current package behavior and defaults separately from the original-author specification; method names alone are insufficient.
HRSInChPhenoAge,hrsinchphenoage,unstructured covariates,covariates_required,,[],new_field_candidate,Upstream direct-only requirements may omit dependencies; resolve the transitive input graph.
HRSInChPhenoAge,hrsinchphenoage,unstructured batch dependence,batch_dependent,,False,new_field_candidate,"Describe pyaging cohort dependence, not the other package runtime flag."
Hannum,hannum,tissue,tissues_derived,"[""whole blood""]",blood,normalized_equal,
Hannum,hannum,platform,array_type_trained,"[""Illumina 450K""]",450K,normalized_equal,
Hannum,hannum,model_type,training_algorithm,elastic net regression,elastic net,normalized_equal,
Hannum,hannum,n_features,n_cpgs,71,71,equal,
Hannum,hannum,doi,primary citation doi,https://doi.org/10.1016/j.molcel.2012.10.016,"[""10.1016/j.molcel.2012.10.016""]",normalized_equal,
Hannum,hannum,year,primary citation year,2013,"[""2013""]",equal,
Hannum,hannum,journal,primary citation journal,Molecular Cell,"[""Molecular cell""]",text_comparison_only,Journal abbreviations and author-name formatting are not scientific discrepancies.
Hannum,hannum,last_author,primary citation last_author,Kang Zhang,"[""Zhang, Kang""]",text_comparison_only,Journal abbreviations and author-name formatting are not scientific discrepancies.
Hannum,hannum,notes,description,"Whole-blood elastic-net predictor of chronological age from 71 CpG methylation fractions, derived in a 482-person primary cohort and validated in 174 independent participants.","Hannum is a foundational first-generation, blood-based epigenetic clock that predicts chronological age from just 71 CpGs, and was among the earliest single-tissue DNAm age predictors built on the 450K array.",text_comparison_only,Independent descriptions; wording differences do not establish errors.
Hannum,hannum,population,training age/cohort,adults,"{""cohort_trained"": ""UCSD and WCH (GSE40279)"", ""n_samples_trained"": ""482"", ""age_min_trained"": ""19"", ""age_max_trained"": ""101"", ""age_unit_trained"": ""years"", ""health_status_trained"": ""population-based"", ""sex_distribution_trained"": ""51.5% female"", ""ancestry_trained"": ""European; Hispanic/Latino""}",different_granularity,These detailed training descriptors have no direct structured equivalent in pyaging.
Hannum,hannum,preprocess,normalization,,none,runtime_contract_review,Compare current package behavior and defaults separately from the original-author specification; method names alone are insufficient.
Hannum,hannum,reference_values,imputation_policy,,omit,runtime_contract_review,Compare current package behavior and defaults separately from the original-author specification; method names alone are insufficient.
Hannum,hannum,postprocess,output_transform,,identity,runtime_contract_review,Compare current package behavior and defaults separately from the original-author specification; method names alone are insufficient.
Hannum,hannum,unstructured covariates,covariates_required,,[],new_field_candidate,Upstream direct-only requirements may omit dependencies; resolve the transitive input graph.
Hannum,hannum,unstructured batch dependence,batch_dependent,,False,new_field_candidate,"Describe pyaging cohort dependence, not the other package runtime flag."
Heart,systemsageheart,tissue,tissues_derived,"[""whole blood""]",blood,normalized_equal,
Heart,systemsageheart,platform,array_type_trained,"[""Illumina 450K"", ""Illumina EPIC""]",450K; EPICv1,normalized_equal,
Heart,systemsageheart,model_type,training_algorithm,PCA + elastic net regression,Cox elastic net,definition_or_value_difference,Compare fitting algorithm with serialized/algebraically folded implementation.
Heart,systemsageheart,n_features,n_cpgs,125175,125175,equal,
Heart,systemsageheart,doi,primary citation doi,https://doi.org/10.1038/s43587-025-00958-3,"[""10.1038/s43587-025-00958-3""]",normalized_equal,
Heart,systemsageheart,year,primary citation year,2025,"[""2025""]",equal,
Heart,systemsageheart,journal,primary citation journal,Nature Aging,"[""Nature aging""]",text_comparison_only,Journal abbreviations and author-name formatting are not scientific discrepancies.
Heart,systemsageheart,last_author,primary citation last_author,Morgan Levine,"[""Levine, Morgan""]",text_comparison_only,Journal abbreviations and author-name formatting are not scientific discrepancies.
Heart,systemsageheart,notes,description,"Heart-system component of Systems Age: a whole-blood DNAm score built from cardiovascular-system biomarkers and mortality training, returned on an age-like scale.","A blood-DNAm, mortality-trained organ sub-score of Systems Age capturing cardiovascular aging, most strongly tracking time to coronary heart disease (z=8.29) and myocardial infarction.",text_comparison_only,Independent descriptions; wording differences do not establish errors.
Heart,systemsageheart,population,training age/cohort,older adults,"{""cohort_trained"": ""Health and Retirement Study (HRS); Framingham Heart Study (FHS) Offspring Cohort"", ""n_samples_trained"": ""3593"", ""age_min_trained"": ""24"", ""age_max_trained"": ""100"", ""age_unit_trained"": ""years"", ""health_status_trained"": ""population-based"", ""sex_distribution_trained"": null, ""ancestry_trained"": null}",different_granularity,These detailed training descriptors have no direct structured equivalent in pyaging.
Heart,systemsageheart,preprocess,normalization,,none,runtime_contract_review,Compare current package behavior and defaults separately from the original-author specification; method names alone are insufficient.
Heart,systemsageheart,reference_values,imputation_policy,True,vendor_mean,runtime_contract_review,Compare current package behavior and defaults separately from the original-author specification; method names alone are insufficient.
Heart,systemsageheart,postprocess,output_transform,,identity,runtime_contract_review,Compare current package behavior and defaults separately from the original-author specification; method names alone are insufficient.
Heart,systemsageheart,unstructured covariates,covariates_required,,[],new_field_candidate,Upstream direct-only requirements may omit dependencies; resolve the transitive input graph.
Heart,systemsageheart,unstructured batch dependence,batch_dependent,,False,new_field_candidate,"Describe pyaging cohort dependence, not the other package runtime flag."
Hormone,systemsagehormone,tissue,tissues_derived,"[""whole blood""]",blood,normalized_equal,
Hormone,systemsagehormone,platform,array_type_trained,"[""Illumina 450K"", ""Illumina EPIC""]",450K; EPICv1,normalized_equal,
Hormone,systemsagehormone,model_type,training_algorithm,PCA + elastic net regression,Cox elastic net,definition_or_value_difference,Compare fitting algorithm with serialized/algebraically folded implementation.
Hormone,systemsagehormone,n_features,n_cpgs,125175,125175,equal,
Hormone,systemsagehormone,doi,primary citation doi,https://doi.org/10.1038/s43587-025-00958-3,"[""10.1038/s43587-025-00958-3""]",normalized_equal,
Hormone,systemsagehormone,year,primary citation year,2025,"[""2025""]",equal,
Hormone,systemsagehormone,journal,primary citation journal,Nature Aging,"[""Nature aging""]",text_comparison_only,Journal abbreviations and author-name formatting are not scientific discrepancies.
Hormone,systemsagehormone,last_author,primary citation last_author,Morgan Levine,"[""Levine, Morgan""]",text_comparison_only,Journal abbreviations and author-name formatting are not scientific discrepancies.
Hormone,systemsagehormone,notes,description,"Hormone-system component of Systems Age: a whole-blood DNAm score built from endocrine-system biomarkers and mortality training, returned on an age-like scale.","A blood-DNAm, all-cause-mortality-trained score of endocrine-system aging, one of the eleven organ-system sub-scores of the composite Systems Age, notable for its inverse (protective-direction) association with reproductive-organ cancers.",text_comparison_only,Independent descriptions; wording differences do not establish errors.
Hormone,systemsagehormone,population,training age/cohort,older adults,"{""cohort_trained"": ""Health and Retirement Study (HRS); Framingham Heart Study (FHS) Offspring Cohort"", ""n_samples_trained"": ""3593"", ""age_min_trained"": ""24"", ""age_max_trained"": ""100"", ""age_unit_trained"": ""years"", ""health_status_trained"": ""population-based"", ""sex_distribution_trained"": null, ""ancestry_trained"": null}",different_granularity,These detailed training descriptors have no direct structured equivalent in pyaging.
Hormone,systemsagehormone,preprocess,normalization,,none,runtime_contract_review,Compare current package behavior and defaults separately from the original-author specification; method names alone are insufficient.
Hormone,systemsagehormone,reference_values,imputation_policy,True,vendor_mean,runtime_contract_review,Compare current package behavior and defaults separately from the original-author specification; method names alone are insufficient.
Hormone,systemsagehormone,postprocess,output_transform,,identity,runtime_contract_review,Compare current package behavior and defaults separately from the original-author specification; method names alone are insufficient.
Hormone,systemsagehormone,unstructured covariates,covariates_required,,[],new_field_candidate,Upstream direct-only requirements may omit dependencies; resolve the transitive input graph.
Hormone,systemsagehormone,unstructured batch dependence,batch_dependent,,False,new_field_candidate,"Describe pyaging cohort dependence, not the other package runtime flag."
Horvath1,horvath2013,tissue,tissues_derived,"[""multi-tissue""]",diverse tissues,definition_or_value_difference,Broad labels versus explicit source tissues can explain apparent differences.
Horvath1,horvath2013,platform,array_type_trained,"[""Illumina 27K"", ""Illumina 450K""]",27K; 450K,normalized_equal,
Horvath1,horvath2013,model_type,training_algorithm,elastic net regression,elastic net,normalized_equal,
Horvath1,horvath2013,n_features,n_cpgs,353,353,equal,
Horvath1,horvath2013,doi,primary citation doi,https://doi.org/10.1186/gb-2013-14-10-r115,"[""10.1186/gb-2013-14-10-r115""]",normalized_equal,
Horvath1,horvath2013,year,primary citation year,2013,"[""2013""]",equal,
Horvath1,horvath2013,journal,primary citation journal,Genome Biology,"[""Genome biology""]",text_comparison_only,Journal abbreviations and author-name formatting are not scientific discrepancies.
Horvath1,horvath2013,last_author,primary citation last_author,Steve Horvath,"[""Horvath, Steve""]",text_comparison_only,Journal abbreviations and author-name formatting are not scientific discrepancies.
Horvath1,horvath2013,notes,description,Pan-tissue DNAm-age predictor fitted by elastic net to a transformed chronological-age outcome and returned to the year scale; it uses 353 CpGs shared between the 27K and 450K arrays.,"The landmark first multi-tissue DNA-methylation age clock, a 353-CpG predictor trained across 39 datasets spanning 51 tissues and cell types on the 27K/450K array intersection.",text_comparison_only,Independent descriptions; wording differences do not establish errors.
Horvath1,horvath2013,population,training age/cohort,all ages,"{""cohort_trained"": ""Multi-tissue datasets"", ""n_samples_trained"": ""8000"", ""age_min_trained"": ""0"", ""age_max_trained"": ""101"", ""age_unit_trained"": ""years"", ""health_status_trained"": ""mixed"", ""sex_distribution_trained"": null, ""ancestry_trained"": null}",different_granularity,These detailed training descriptors have no direct structured equivalent in pyaging.
Horvath1,horvath2013,preprocess,normalization,,BMIQ,runtime_contract_review,Compare current package behavior and defaults separately from the original-author specification; method names alone are insufficient.
Horvath1,horvath2013,reference_values,imputation_policy,True,omit,runtime_contract_review,Compare current package behavior and defaults separately from the original-author specification; method names alone are insufficient.
Horvath1,horvath2013,postprocess,output_transform,anti_log_linear,anti.trafo,runtime_contract_review,Compare current package behavior and defaults separately from the original-author specification; method names alone are insufficient.
Horvath1,horvath2013,unstructured covariates,covariates_required,,[],new_field_candidate,Upstream direct-only requirements may omit dependencies; resolve the transitive input graph.
Horvath1,horvath2013,unstructured batch dependence,batch_dependent,,False,new_field_candidate,"Describe pyaging cohort dependence, not the other package runtime flag."
Horvath2,skinandblood,tissue,tissues_derived,"[""buccal epithelium"", ""whole blood"", ""epithelium"", ""cultured fibroblasts"", ""skin"", ""cord blood""]",fibroblasts; keratinocytes; buccal; endothelial cells; lymphoblastoid cells; skin; blood; saliva,definition_or_value_difference,Broad labels versus explicit source tissues can explain apparent differences.
Horvath2,skinandblood,platform,array_type_trained,"[""Illumina 450K"", ""Illumina EPIC""]",450K; EPICv1,normalized_equal,
Horvath2,skinandblood,model_type,training_algorithm,elastic net regression,elastic net,normalized_equal,
Horvath2,skinandblood,n_features,n_cpgs,391,391,equal,
Horvath2,skinandblood,doi,primary citation doi,https://doi.org/10.18632/aging.101508,"[""10.18632/aging.101508""]",normalized_equal,
Horvath2,skinandblood,year,primary citation year,2018,"[""2018""]",equal,
Horvath2,skinandblood,journal,primary citation journal,Aging,"[""Aging""]",text_comparison_only,Journal abbreviations and author-name formatting are not scientific discrepancies.
Horvath2,skinandblood,last_author,primary citation last_author,Kenneth Raj,"[""Raj, Kenneth""]",text_comparison_only,Journal abbreviations and author-name formatting are not scientific discrepancies.
Horvath2,skinandblood,notes,description,"Multi-tissue 391-CpG elastic-net chronological-age clock optimized with training data from buccal cells, whole blood, epithelium, fibroblasts, skin and cord blood; it is particularly accurate for skin-derived and cultured cells.","Horvath's skin & blood clock, a 391-CpG chronological-age predictor optimized across an unusually broad set of cell types including fibroblasts, keratinocytes, and endothelial cells for accurate ex vivo cell-aging assays and forensic use.",text_comparison_only,Independent descriptions; wording differences do not establish errors.
Horvath2,skinandblood,population,training age/cohort,all ages,"{""cohort_trained"": ""Multiple public/novel DNAm datasets (10 training sets): Portales-Casamar 2016 (GSE80261, buccal); Berko 2014 (GSE50759, buccal); novel blood; Yang 2017 (GSE104471, epithelium); Ivanov 2016 (GSE77136, fibroblast); Wagner 2014 (GSE52026, fibroblast); novel fibroblasts; novel Cell Applications (fibroblast); Borman 2016 (E-MTAB-4385, skin); cord blood (GSE79056)"", ""n_samples_trained"": ""896"", ""age_min_trained"": ""0"", ""age_max_trained"": ""94"", ""age_unit_trained"": ""years"", ""health_status_trained"": ""population-based"", ""sex_distribution_trained"": null, ""ancestry_trained"": null}",different_granularity,These detailed training descriptors have no direct structured equivalent in pyaging.
Horvath2,skinandblood,preprocess,normalization,,none,runtime_contract_review,Compare current package behavior and defaults separately from the original-author specification; method names alone are insufficient.
Horvath2,skinandblood,reference_values,imputation_policy,,omit,runtime_contract_review,Compare current package behavior and defaults separately from the original-author specification; method names alone are insufficient.
Horvath2,skinandblood,postprocess,output_transform,anti_log_linear,anti.trafo,runtime_contract_review,Compare current package behavior and defaults separately from the original-author specification; method names alone are insufficient.
Horvath2,skinandblood,unstructured covariates,covariates_required,,[],new_field_candidate,Upstream direct-only requirements may omit dependencies; resolve the transitive input graph.
Horvath2,skinandblood,unstructured batch dependence,batch_dependent,,False,new_field_candidate,"Describe pyaging cohort dependence, not the other package runtime flag."
HypoClock,hypoclock,tissue,tissues_derived,"[""multi-tissue""]",,upstream_missing,
HypoClock,hypoclock,platform,array_type_trained,"[""Illumina 450K""]",450K; EPICv1,definition_or_value_difference,"Training platform must be separated from compatibility, validation and feature-selection platforms."
HypoClock,hypoclock,model_type,training_algorithm,mean aggregation,average DNAm over a fixed CpG set (no regression); linear rescaling for age-adjusted HypoScore,definition_or_value_difference,Compare fitting algorithm with serialized/algebraically folded implementation.
HypoClock,hypoclock,n_features,n_cpgs,678,678,equal,
HypoClock,hypoclock,doi,primary citation doi,https://doi.org/10.1186/s13073-020-00752-3,"[""10.1186/s13073-020-00752-3""]",normalized_equal,
HypoClock,hypoclock,year,primary citation year,2020,"[""2020""]",equal,
HypoClock,hypoclock,journal,primary citation journal,Genome Medicine,"[""Genome medicine""]",text_comparison_only,Journal abbreviations and author-name formatting are not scientific discrepancies.
HypoClock,hypoclock,last_author,primary citation last_author,Andrew E. Teschendorff,"[""Teschendorff, Andrew E""]",text_comparison_only,Journal abbreviations and author-name formatting are not scientific discrepancies.
HypoClock,hypoclock,notes,description,"Pyaging returns an inverted HypoClock burden score, 1 minus the mean beta value across 678 solo-WCGW CpGs; higher values therefore indicate deeper PMD hypomethylation. Zhou et al. (2018) is the biological precursor; the named 678-site implementation is from Teschendorff (2020).","HypoClock is a mitotic clock with no fitted coefficients or training cohort: it is simply the average methylation over 678 constitutively-methylated solo-WCGW sites, used as an anti-correlative proxy for cumulative stem cell divisions.",text_comparison_only,Independent descriptions; wording differences do not establish errors.
HypoClock,hypoclock,population,training age/cohort,"human, age unspecified","{""cohort_trained"": null, ""n_samples_trained"": null, ""age_min_trained"": null, ""age_max_trained"": null, ""age_unit_trained"": ""years"", ""health_status_trained"": null, ""sex_distribution_trained"": null, ""ancestry_trained"": null}",different_granularity,These detailed training descriptors have no direct structured equivalent in pyaging.
HypoClock,hypoclock,preprocess,normalization,mean,none,runtime_contract_review,Compare current package behavior and defaults separately from the original-author specification; method names alone are insufficient.
HypoClock,hypoclock,reference_values,imputation_policy,True,omit,runtime_contract_review,Compare current package behavior and defaults separately from the original-author specification; method names alone are insufficient.
HypoClock,hypoclock,postprocess,output_transform,one_minus,identity,runtime_contract_review,Compare current package behavior and defaults separately from the original-author specification; method names alone are insufficient.
HypoClock,hypoclock,unstructured covariates,covariates_required,,[],new_field_candidate,Upstream direct-only requirements may omit dependencies; resolve the transitive input graph.
HypoClock,hypoclock,unstructured batch dependence,batch_dependent,,False,new_field_candidate,"Describe pyaging cohort dependence, not the other package runtime flag."
Immune,systemsageimmune,tissue,tissues_derived,"[""whole blood""]",blood,normalized_equal,
Immune,systemsageimmune,platform,array_type_trained,"[""Illumina 450K"", ""Illumina EPIC""]",450K; EPICv1,normalized_equal,
Immune,systemsageimmune,model_type,training_algorithm,PCA + elastic net regression,Cox elastic net,definition_or_value_difference,Compare fitting algorithm with serialized/algebraically folded implementation.
Immune,systemsageimmune,n_features,n_cpgs,125175,125175,equal,
Immune,systemsageimmune,doi,primary citation doi,https://doi.org/10.1038/s43587-025-00958-3,"[""10.1038/s43587-025-00958-3""]",normalized_equal,
Immune,systemsageimmune,year,primary citation year,2025,"[""2025""]",equal,
Immune,systemsageimmune,journal,primary citation journal,Nature Aging,"[""Nature aging""]",text_comparison_only,Journal abbreviations and author-name formatting are not scientific discrepancies.
Immune,systemsageimmune,last_author,primary citation last_author,Morgan Levine,"[""Levine, Morgan""]",text_comparison_only,Journal abbreviations and author-name formatting are not scientific discrepancies.
Immune,systemsageimmune,notes,description,"Immune-system component of Systems Age: a whole-blood DNAm score built from immune-system biomarkers and mortality training, returned on an age-like scale.","The Immune score is one of the 11 organ-system sub-scores of the composite Systems Age, a mortality-trained blood DNAm measure of immune-system aging that outperformed DunedinPACE and GrimAge for leukemia risk.",text_comparison_only,Independent descriptions; wording differences do not establish errors.
Immune,systemsageimmune,population,training age/cohort,older adults,"{""cohort_trained"": ""Health and Retirement Study (HRS); Framingham Heart Study (FHS) Offspring Cohort"", ""n_samples_trained"": ""3593"", ""age_min_trained"": ""24"", ""age_max_trained"": ""100"", ""age_unit_trained"": ""years"", ""health_status_trained"": ""population-based"", ""sex_distribution_trained"": null, ""ancestry_trained"": null}",different_granularity,These detailed training descriptors have no direct structured equivalent in pyaging.
Immune,systemsageimmune,preprocess,normalization,,none,runtime_contract_review,Compare current package behavior and defaults separately from the original-author specification; method names alone are insufficient.
Immune,systemsageimmune,reference_values,imputation_policy,True,vendor_mean,runtime_contract_review,Compare current package behavior and defaults separately from the original-author specification; method names alone are insufficient.
Immune,systemsageimmune,postprocess,output_transform,,identity,runtime_contract_review,Compare current package behavior and defaults separately from the original-author specification; method names alone are insufficient.
Immune,systemsageimmune,unstructured covariates,covariates_required,,[],new_field_candidate,Upstream direct-only requirements may omit dependencies; resolve the transitive input graph.
Immune,systemsageimmune,unstructured batch dependence,batch_dependent,,False,new_field_candidate,"Describe pyaging cohort dependence, not the other package runtime flag."
Inflammation,systemsageinflammation,tissue,tissues_derived,"[""whole blood""]",blood,normalized_equal,
Inflammation,systemsageinflammation,platform,array_type_trained,"[""Illumina 450K"", ""Illumina EPIC""]",450K; EPICv1,normalized_equal,
Inflammation,systemsageinflammation,model_type,training_algorithm,PCA + elastic net regression,Cox elastic net,definition_or_value_difference,Compare fitting algorithm with serialized/algebraically folded implementation.
Inflammation,systemsageinflammation,n_features,n_cpgs,125175,125175,equal,
Inflammation,systemsageinflammation,doi,primary citation doi,https://doi.org/10.1038/s43587-025-00958-3,"[""10.1038/s43587-025-00958-3""]",normalized_equal,
Inflammation,systemsageinflammation,year,primary citation year,2025,"[""2025""]",equal,
Inflammation,systemsageinflammation,journal,primary citation journal,Nature Aging,"[""Nature aging""]",text_comparison_only,Journal abbreviations and author-name formatting are not scientific discrepancies.
Inflammation,systemsageinflammation,last_author,primary citation last_author,Morgan Levine,"[""Levine, Morgan""]",text_comparison_only,Journal abbreviations and author-name formatting are not scientific discrepancies.
Inflammation,systemsageinflammation,notes,description,"Inflammation-system component of Systems Age: a whole-blood DNAm score built from inflammatory biomarkers and mortality training, returned on an age-like scale.","The Inflammation organ-system score of the Systems Age composite: a mortality-trained, PCA-based blood clock capturing inflammatory-system aging (built around biomarkers including IL-6 and CRP).",text_comparison_only,Independent descriptions; wording differences do not establish errors.
Inflammation,systemsageinflammation,population,training age/cohort,older adults,"{""cohort_trained"": ""Health and Retirement Study (HRS); Framingham Heart Study (FHS) Offspring Cohort"", ""n_samples_trained"": ""3593"", ""age_min_trained"": ""24"", ""age_max_trained"": ""100"", ""age_unit_trained"": ""years"", ""health_status_trained"": ""population-based"", ""sex_distribution_trained"": null, ""ancestry_trained"": null}",different_granularity,These detailed training descriptors have no direct structured equivalent in pyaging.
Inflammation,systemsageinflammation,preprocess,normalization,,none,runtime_contract_review,Compare current package behavior and defaults separately from the original-author specification; method names alone are insufficient.
Inflammation,systemsageinflammation,reference_values,imputation_policy,True,vendor_mean,runtime_contract_review,Compare current package behavior and defaults separately from the original-author specification; method names alone are insufficient.
Inflammation,systemsageinflammation,postprocess,output_transform,,identity,runtime_contract_review,Compare current package behavior and defaults separately from the original-author specification; method names alone are insufficient.
Inflammation,systemsageinflammation,unstructured covariates,covariates_required,,[],new_field_candidate,Upstream direct-only requirements may omit dependencies; resolve the transitive input graph.
Inflammation,systemsageinflammation,unstructured batch dependence,batch_dependent,,False,new_field_candidate,"Describe pyaging cohort dependence, not the other package runtime flag."
IntrinClock370,intrinclock370,tissue,tissues_derived,"[""multi-tissue""]",diverse tissues majority blood,definition_or_value_difference,Broad labels versus explicit source tissues can explain apparent differences.
IntrinClock370,intrinclock370,platform,array_type_trained,"[""Illumina 450K"", ""Illumina EPIC""]",450K; EPICv1,normalized_equal,
IntrinClock370,intrinclock370,model_type,training_algorithm,two-stage elastic net regression,elastic net,definition_or_value_difference,Compare fitting algorithm with serialized/algebraically folded implementation.
IntrinClock370,intrinclock370,n_features,n_cpgs,370,370,equal,
IntrinClock370,intrinclock370,doi,primary citation doi,https://doi.org/10.1038/s42003-024-06609-4,"[""10.1038/s42003-024-06609-4""]",normalized_equal,
IntrinClock370,intrinclock370,year,primary citation year,2024,"[""2024""]",equal,
IntrinClock370,intrinclock370,journal,primary citation journal,Communications Biology,"[""Communications biology""]",text_comparison_only,Journal abbreviations and author-name formatting are not scientific discrepancies.
IntrinClock370,intrinclock370,last_author,primary citation last_author,Eric Verdin,"[""Verdin, Eric""]",text_comparison_only,Journal abbreviations and author-name formatting are not scientific discrepancies.
IntrinClock370,intrinclock370,notes,description,"Author-demo IntrinClock at lambda.1se: 370 nonzero CpGs from the original serialized cv.glmnet fit. Predicts chronological age resistant to immune-cell-composition changes. This is a separately fitted regularization column, not the existing 380-CpG lambda.min model with ten sites removed. Returns years using the author's inverse Horvath transform.","IntrinClock370 is a multi-tissue chronological-age clock engineered to be resistant to shifts in immune cell composition, selecting CpGs independent of CD8+ T-cell differentiation so that age acceleration reflects cell-intrinsic ageing rather than changing blood-cell proportions.",text_comparison_only,Independent descriptions; wording differences do not establish errors.
IntrinClock370,intrinclock370,population,training age/cohort,all ages,"{""cohort_trained"": ""71 public GEO/GTEx DNAm datasets (14,601 samples assembled); in-house sorted immune cells (GSE252045)"", ""n_samples_trained"": ""9104"", ""age_min_trained"": ""0"", ""age_max_trained"": ""100"", ""age_unit_trained"": ""years"", ""health_status_trained"": ""mixed"", ""sex_distribution_trained"": ""50% female"", ""ancestry_trained"": null}",different_granularity,These detailed training descriptors have no direct structured equivalent in pyaging.
IntrinClock370,intrinclock370,preprocess,normalization,,none,runtime_contract_review,Compare current package behavior and defaults separately from the original-author specification; method names alone are insufficient.
IntrinClock370,intrinclock370,reference_values,imputation_policy,,omit,runtime_contract_review,Compare current package behavior and defaults separately from the original-author specification; method names alone are insufficient.
IntrinClock370,intrinclock370,postprocess,output_transform,anti_log_linear,anti.trafo,runtime_contract_review,Compare current package behavior and defaults separately from the original-author specification; method names alone are insufficient.
IntrinClock370,intrinclock370,unstructured covariates,covariates_required,,[],new_field_candidate,Upstream direct-only requirements may omit dependencies; resolve the transitive input graph.
IntrinClock370,intrinclock370,unstructured batch dependence,batch_dependent,,False,new_field_candidate,"Describe pyaging cohort dependence, not the other package runtime flag."
IntrinClock380,intrinclock,tissue,tissues_derived,"[""multi-tissue""]",diverse tissues majority blood,definition_or_value_difference,Broad labels versus explicit source tissues can explain apparent differences.
IntrinClock380,intrinclock,platform,array_type_trained,"[""Illumina 450K"", ""Illumina EPIC""]",450K; EPICv1,normalized_equal,
IntrinClock380,intrinclock,model_type,training_algorithm,two-stage elastic net regression,elastic net,definition_or_value_difference,Compare fitting algorithm with serialized/algebraically folded implementation.
IntrinClock380,intrinclock,n_features,n_cpgs,380,380,equal,
IntrinClock380,intrinclock,doi,primary citation doi,https://doi.org/10.1038/s42003-024-06609-4,"[""10.1038/s42003-024-06609-4""]",normalized_equal,
IntrinClock380,intrinclock,year,primary citation year,2024,"[""2024""]",equal,
IntrinClock380,intrinclock,journal,primary citation journal,Communications Biology,"[""Communications biology""]",text_comparison_only,Journal abbreviations and author-name formatting are not scientific discrepancies.
IntrinClock380,intrinclock,last_author,primary citation last_author,Eric Verdin,"[""Verdin, Eric""]",text_comparison_only,Journal abbreviations and author-name formatting are not scientific discrepancies.
IntrinClock380,intrinclock,notes,description,"Multi-tissue chronological-age clock designed by excluding CpGs associated with CD8+ T-cell differentiation, then fitting two sequential elastic-net models so predictions remain stable across immune-cell composition. The article reports 381 CpGs; the official lambda.min model and this implementation both use the same 380 non-zero CpG inputs.","A multi-tissue chronological-age clock explicitly engineered to be resistant to changes in immune cell composition by removing CpGs tied to CD8+ T-cell differentiation (the lambda.min variant, ~380 CpGs).",text_comparison_only,Independent descriptions; wording differences do not establish errors.
IntrinClock380,intrinclock,population,training age/cohort,all ages,"{""cohort_trained"": ""71 public GEO/GTEx DNAm datasets (14,601 samples assembled); in-house sorted immune cells (GSE252045)"", ""n_samples_trained"": ""9104"", ""age_min_trained"": ""0"", ""age_max_trained"": ""100"", ""age_unit_trained"": ""years"", ""health_status_trained"": ""mixed"", ""sex_distribution_trained"": ""50% female"", ""ancestry_trained"": null}",different_granularity,These detailed training descriptors have no direct structured equivalent in pyaging.
IntrinClock380,intrinclock,preprocess,normalization,,none,runtime_contract_review,Compare current package behavior and defaults separately from the original-author specification; method names alone are insufficient.
IntrinClock380,intrinclock,reference_values,imputation_policy,,omit,runtime_contract_review,Compare current package behavior and defaults separately from the original-author specification; method names alone are insufficient.
IntrinClock380,intrinclock,postprocess,output_transform,anti_log_linear,anti.trafo,runtime_contract_review,Compare current package behavior and defaults separately from the original-author specification; method names alone are insufficient.
IntrinClock380,intrinclock,unstructured covariates,covariates_required,,[],new_field_candidate,Upstream direct-only requirements may omit dependencies; resolve the transitive input graph.
IntrinClock380,intrinclock,unstructured batch dependence,batch_dependent,,False,new_field_candidate,"Describe pyaging cohort dependence, not the other package runtime flag."
Kidney,systemsagekidney,tissue,tissues_derived,"[""whole blood""]",blood,normalized_equal,
Kidney,systemsagekidney,platform,array_type_trained,"[""Illumina 450K"", ""Illumina EPIC""]",450K; EPICv1,normalized_equal,
Kidney,systemsagekidney,model_type,training_algorithm,PCA + elastic net regression,Cox elastic net,definition_or_value_difference,Compare fitting algorithm with serialized/algebraically folded implementation.
Kidney,systemsagekidney,n_features,n_cpgs,125175,125175,equal,
Kidney,systemsagekidney,doi,primary citation doi,https://doi.org/10.1038/s43587-025-00958-3,"[""10.1038/s43587-025-00958-3""]",normalized_equal,
Kidney,systemsagekidney,year,primary citation year,2025,"[""2025""]",equal,
Kidney,systemsagekidney,journal,primary citation journal,Nature Aging,"[""Nature aging""]",text_comparison_only,Journal abbreviations and author-name formatting are not scientific discrepancies.
Kidney,systemsagekidney,last_author,primary citation last_author,Morgan Levine,"[""Levine, Morgan""]",text_comparison_only,Journal abbreviations and author-name formatting are not scientific discrepancies.
Kidney,systemsagekidney,notes,description,"Kidney-system component of Systems Age: a whole-blood DNAm score built from renal-system biomarkers and mortality training, returned on an age-like scale.","A blood-DNAm, all-cause-mortality-trained score of renal-system aging, one of the eleven organ-system sub-scores of the composite Systems Age, that clusters tightly with the Metabolic and Inflammation scores.",text_comparison_only,Independent descriptions; wording differences do not establish errors.
Kidney,systemsagekidney,population,training age/cohort,older adults,"{""cohort_trained"": ""Health and Retirement Study (HRS); Framingham Heart Study (FHS) Offspring Cohort"", ""n_samples_trained"": ""3593"", ""age_min_trained"": ""24"", ""age_max_trained"": ""100"", ""age_unit_trained"": ""years"", ""health_status_trained"": ""population-based"", ""sex_distribution_trained"": null, ""ancestry_trained"": null}",different_granularity,These detailed training descriptors have no direct structured equivalent in pyaging.
Kidney,systemsagekidney,preprocess,normalization,,none,runtime_contract_review,Compare current package behavior and defaults separately from the original-author specification; method names alone are insufficient.
Kidney,systemsagekidney,reference_values,imputation_policy,True,vendor_mean,runtime_contract_review,Compare current package behavior and defaults separately from the original-author specification; method names alone are insufficient.
Kidney,systemsagekidney,postprocess,output_transform,,identity,runtime_contract_review,Compare current package behavior and defaults separately from the original-author specification; method names alone are insufficient.
Kidney,systemsagekidney,unstructured covariates,covariates_required,,[],new_field_candidate,Upstream direct-only requirements may omit dependencies; resolve the transitive input graph.
Kidney,systemsagekidney,unstructured batch dependence,batch_dependent,,False,new_field_candidate,"Describe pyaging cohort dependence, not the other package runtime flag."
Knight,knight,tissue,tissues_derived,"[""cord blood"", ""neonatal blood spots""]",cord blood; blood spot,definition_or_value_difference,Broad labels versus explicit source tissues can explain apparent differences.
Knight,knight,platform,array_type_trained,"[""Illumina 27K"", ""Illumina 450K""]",27K; 450K,normalized_equal,
Knight,knight,model_type,training_algorithm,elastic net regression,elastic net,normalized_equal,
Knight,knight,n_features,n_cpgs,148,148,equal,
Knight,knight,doi,primary citation doi,https://doi.org/10.1186/s13059-016-1068-z,"[""10.1186/s13059-016-1068-z""]",normalized_equal,
Knight,knight,year,primary citation year,2016,"[""2016""]",equal,
Knight,knight,journal,primary citation journal,Genome Biology,"[""Genome biology""]",text_comparison_only,Journal abbreviations and author-name formatting are not scientific discrepancies.
Knight,knight,last_author,primary citation last_author,Alicia K. Smith,"[""Smith, Alicia K""]",text_comparison_only,Journal abbreviations and author-name formatting are not scientific discrepancies.
Knight,knight,notes,description,"Elastic-net DNA-methylation estimator of gestational age at birth trained across six cord-blood and neonatal blood-spot cohorts, using 148 CpGs shared across the 27K and 450K arrays.","A neonatal blood DNA-methylation clock that predicts gestational age at birth from 148 CpGs in cord blood or newborn dried blood spots, rather than adult chronological age.",text_comparison_only,Independent descriptions; wording differences do not establish errors.
Knight,knight,population,training age/cohort,newborns,"{""cohort_trained"": ""GSE36642; WMHP1; GSE62924; NBC; GSE51180; GSE30870"", ""n_samples_trained"": ""207"", ""age_min_trained"": ""24"", ""age_max_trained"": ""42"", ""age_unit_trained"": ""weeks_gestation"", ""health_status_trained"": ""population-based"", ""sex_distribution_trained"": null, ""ancestry_trained"": ""European; African""}",different_granularity,These detailed training descriptors have no direct structured equivalent in pyaging.
Knight,knight,preprocess,normalization,,BMIQ,runtime_contract_review,Compare current package behavior and defaults separately from the original-author specification; method names alone are insufficient.
Knight,knight,reference_values,imputation_policy,True,omit,runtime_contract_review,Compare current package behavior and defaults separately from the original-author specification; method names alone are insufficient.
Knight,knight,postprocess,output_transform,,identity,runtime_contract_review,Compare current package behavior and defaults separately from the original-author specification; method names alone are insufficient.
Knight,knight,unstructured covariates,covariates_required,,[],new_field_candidate,Upstream direct-only requirements may omit dependencies; resolve the transitive input graph.
Knight,knight,unstructured batch dependence,batch_dependent,,False,new_field_candidate,"Describe pyaging cohort dependence, not the other package runtime flag."
LDLCholesterolMcCartney,mccartneyldlcholesterol,tissue,tissues_derived,"[""whole blood""]",blood,normalized_equal,
LDLCholesterolMcCartney,mccartneyldlcholesterol,platform,array_type_trained,"[""Illumina EPIC""]",EPICv1,normalized_equal,
LDLCholesterolMcCartney,mccartneyldlcholesterol,model_type,training_algorithm,LASSO regression,LASSO,normalized_equal,
LDLCholesterolMcCartney,mccartneyldlcholesterol,n_features,n_cpgs,233,233,equal,
LDLCholesterolMcCartney,mccartneyldlcholesterol,doi,primary citation doi,https://doi.org/10.1186/s13059-018-1514-1,"[""10.1186/s13059-018-1514-1""]",normalized_equal,
LDLCholesterolMcCartney,mccartneyldlcholesterol,year,primary citation year,2018,"[""2018""]",equal,
LDLCholesterolMcCartney,mccartneyldlcholesterol,journal,primary citation journal,Genome Biology,"[""Genome biology""]",text_comparison_only,Journal abbreviations and author-name formatting are not scientific discrepancies.
LDLCholesterolMcCartney,mccartneyldlcholesterol,last_author,primary citation last_author,Riccardo E. Marioni,"[""Marioni, Riccardo E""]",text_comparison_only,Journal abbreviations and author-name formatting are not scientific discrepancies.
LDLCholesterolMcCartney,mccartneyldlcholesterol,notes,description,"Whole-blood DNAm LASSO score for LDL with remnant cholesterol, trained in Generation Scotland on an age-, sex-, and ancestry-adjusted phenotype residual and evaluated out of sample in LBC1936. The current pyaging implementation applies a sigmoid to the linear score, so the returned value is bounded and unitless. It is neither the original continuous phenotype residual nor a calibrated probability; the paper does not specify this sigmoid.","A whole-blood DNAm surrogate for the composite trait LDL-with-remnant cholesterol, and the weakest performer in the McCartney 2018 panel, explaining just 0.6% of phenotypic variance in validation.",text_comparison_only,Independent descriptions; wording differences do not establish errors.
LDLCholesterolMcCartney,mccartneyldlcholesterol,population,training age/cohort,adults,"{""cohort_trained"": ""Generation Scotland: The Scottish Family Health Study (GS)"", ""n_samples_trained"": ""4192"", ""age_min_trained"": ""18"", ""age_max_trained"": ""99"", ""age_unit_trained"": ""years"", ""health_status_trained"": ""population-based"", ""sex_distribution_trained"": ""61.5% female"", ""ancestry_trained"": ""European""}",different_granularity,These detailed training descriptors have no direct structured equivalent in pyaging.
LDLCholesterolMcCartney,mccartneyldlcholesterol,preprocess,normalization,,none,runtime_contract_review,Compare current package behavior and defaults separately from the original-author specification; method names alone are insufficient.
LDLCholesterolMcCartney,mccartneyldlcholesterol,reference_values,imputation_policy,,omit,runtime_contract_review,Compare current package behavior and defaults separately from the original-author specification; method names alone are insufficient.
LDLCholesterolMcCartney,mccartneyldlcholesterol,postprocess,output_transform,sigmoid,identity,runtime_contract_review,Compare current package behavior and defaults separately from the original-author specification; method names alone are insufficient.
LDLCholesterolMcCartney,mccartneyldlcholesterol,unstructured covariates,covariates_required,,[],new_field_candidate,Upstream direct-only requirements may omit dependencies; resolve the transitive input graph.
LDLCholesterolMcCartney,mccartneyldlcholesterol,unstructured batch dependence,batch_dependent,,False,new_field_candidate,"Describe pyaging cohort dependence, not the other package runtime flag."
LeeControl,leecontrol,tissue,tissues_derived,"[""placenta""]",placenta,normalized_equal,
LeeControl,leecontrol,platform,array_type_trained,"[""Illumina 450K"", ""Illumina EPIC""]",450K; EPICv1,normalized_equal,
LeeControl,leecontrol,model_type,training_algorithm,elastic net regression,elastic net,normalized_equal,
LeeControl,leecontrol,n_features,n_cpgs,546,546,equal,
LeeControl,leecontrol,doi,primary citation doi,https://doi.org/10.18632/aging.102049,"[""10.18632/aging.102049""]",normalized_equal,
LeeControl,leecontrol,year,primary citation year,2019,"[""2019""]",equal,
LeeControl,leecontrol,journal,primary citation journal,Aging,"[""Aging""]",text_comparison_only,Journal abbreviations and author-name formatting are not scientific discrepancies.
LeeControl,leecontrol,last_author,primary citation last_author,Steve Horvath,"[""Horvath, Steve""]",text_comparison_only,Journal abbreviations and author-name formatting are not scientific discrepancies.
LeeControl,leecontrol,notes,description,"Control placental clock trained on placentas designated as controls, with known major placental pathology excluded.","LeeControl (the Control Placental Clock) is a 546-CpG placental predictor of gestational age trained exclusively on pathology-free control pregnancies, yet it still predicts gestational age accurately in complicated pregnancies.",text_comparison_only,Independent descriptions; wording differences do not establish errors.
LeeControl,leecontrol,population,training age/cohort,pregnancies,"{""cohort_trained"": ""Multiple public placental DNAm datasets (control-designated subset of the RPC training pool: GSE71678; GSE75248; GSE71719; RL; GSE100197; GSE108567; GSE69502; GSE74738; GSE115508; GSE44667; GSE49343; GSE42409; GSE120250; GSE98224)"", ""n_samples_trained"": ""963"", ""age_min_trained"": ""5"", ""age_max_trained"": ""42"", ""age_unit_trained"": ""weeks_gestation"", ""health_status_trained"": ""population-based"", ""sex_distribution_trained"": null, ""ancestry_trained"": null}",different_granularity,These detailed training descriptors have no direct structured equivalent in pyaging.
LeeControl,leecontrol,preprocess,normalization,,none,runtime_contract_review,Compare current package behavior and defaults separately from the original-author specification; method names alone are insufficient.
LeeControl,leecontrol,reference_values,imputation_policy,,omit,runtime_contract_review,Compare current package behavior and defaults separately from the original-author specification; method names alone are insufficient.
LeeControl,leecontrol,postprocess,output_transform,,identity,runtime_contract_review,Compare current package behavior and defaults separately from the original-author specification; method names alone are insufficient.
LeeControl,leecontrol,unstructured covariates,covariates_required,,[],new_field_candidate,Upstream direct-only requirements may omit dependencies; resolve the transitive input graph.
LeeControl,leecontrol,unstructured batch dependence,batch_dependent,,False,new_field_candidate,"Describe pyaging cohort dependence, not the other package runtime flag."
LeeRefinedRobust,leerefinedrobust,tissue,tissues_derived,"[""placenta""]",placenta,normalized_equal,
LeeRefinedRobust,leerefinedrobust,platform,array_type_trained,"[""Illumina 450K"", ""Illumina EPIC""]",450K; EPICv1,normalized_equal,
LeeRefinedRobust,leerefinedrobust,model_type,training_algorithm,elastic net regression,elastic net,normalized_equal,
LeeRefinedRobust,leerefinedrobust,n_features,n_cpgs,395,395,equal,
LeeRefinedRobust,leerefinedrobust,doi,primary citation doi,https://doi.org/10.18632/aging.102049,"[""10.18632/aging.102049""]",normalized_equal,
LeeRefinedRobust,leerefinedrobust,year,primary citation year,2019,"[""2019""]",equal,
LeeRefinedRobust,leerefinedrobust,journal,primary citation journal,Aging,"[""Aging""]",text_comparison_only,Journal abbreviations and author-name formatting are not scientific discrepancies.
LeeRefinedRobust,leerefinedrobust,last_author,primary citation last_author,Steve Horvath,"[""Horvath, Steve""]",text_comparison_only,Journal abbreviations and author-name formatting are not scientific discrepancies.
LeeRefinedRobust,leerefinedrobust,notes,description,Refined robust placental clock fitted within uncomplicated term pregnancies (gestational age >36 weeks) using the original RPC loci as candidates.,"LeeRefinedRobust (RRPC) is a placental DNA methylation predictor of gestational age refined specifically for uncomplicated term pregnancies (gestational age >36 weeks), distinguishing it from its sibling placental clocks trained across the full gestational range.",text_comparison_only,Independent descriptions; wording differences do not establish errors.
LeeRefinedRobust,leerefinedrobust,population,training age/cohort,pregnancies,"{""cohort_trained"": ""Multiple public placental DNAm datasets (uncomplicated-term subset of the RPC training pool: GSE71678; GSE75248; GSE71719; RL; GSE100197; GSE108567; GSE69502; GSE74738; GSE115508; GSE44667; GSE49343; GSE42409; GSE120250; GSE98224)"", ""n_samples_trained"": ""733"", ""age_min_trained"": ""36"", ""age_max_trained"": ""42"", ""age_unit_trained"": ""weeks_gestation"", ""health_status_trained"": ""population-based"", ""sex_distribution_trained"": null, ""ancestry_trained"": null}",different_granularity,These detailed training descriptors have no direct structured equivalent in pyaging.
LeeRefinedRobust,leerefinedrobust,preprocess,normalization,,none,runtime_contract_review,Compare current package behavior and defaults separately from the original-author specification; method names alone are insufficient.
LeeRefinedRobust,leerefinedrobust,reference_values,imputation_policy,,omit,runtime_contract_review,Compare current package behavior and defaults separately from the original-author specification; method names alone are insufficient.
LeeRefinedRobust,leerefinedrobust,postprocess,output_transform,,identity,runtime_contract_review,Compare current package behavior and defaults separately from the original-author specification; method names alone are insufficient.
LeeRefinedRobust,leerefinedrobust,unstructured covariates,covariates_required,,[],new_field_candidate,Upstream direct-only requirements may omit dependencies; resolve the transitive input graph.
LeeRefinedRobust,leerefinedrobust,unstructured batch dependence,batch_dependent,,False,new_field_candidate,"Describe pyaging cohort dependence, not the other package runtime flag."
LeeRobust,leerobust,tissue,tissues_derived,"[""placenta""]",placenta,normalized_equal,
LeeRobust,leerobust,platform,array_type_trained,"[""Illumina 450K"", ""Illumina EPIC""]",450K; EPICv1,normalized_equal,
LeeRobust,leerobust,model_type,training_algorithm,elastic net regression,elastic net,normalized_equal,
LeeRobust,leerobust,n_features,n_cpgs,558,558,equal,
LeeRobust,leerobust,doi,primary citation doi,https://doi.org/10.18632/aging.102049,"[""10.18632/aging.102049""]",normalized_equal,
LeeRobust,leerobust,year,primary citation year,2019,"[""2019""]",equal,
LeeRobust,leerobust,journal,primary citation journal,Aging,"[""Aging""]",text_comparison_only,Journal abbreviations and author-name formatting are not scientific discrepancies.
LeeRobust,leerobust,last_author,primary citation last_author,Steve Horvath,"[""Horvath, Steve""]",text_comparison_only,Journal abbreviations and author-name formatting are not scientific discrepancies.
LeeRobust,leerobust,notes,description,Robust placental clock trained across placentas with and without pregnancy complications and congenital abnormalities.,"A placental gestational-age clock (the Robust Placental Clock) distinctively trained on a mix of normal and pathological pregnancies so it stays accurate despite complications, using the largest placental training set to date.",text_comparison_only,Independent descriptions; wording differences do not establish errors.
LeeRobust,leerobust,population,training age/cohort,pregnancies,"{""cohort_trained"": ""Multiple public placental DNAm datasets (14 training GEO/RL datasets: GSE71678; GSE75248; GSE71719; RL; GSE100197; GSE108567; GSE69502; GSE74738; GSE115508; GSE44667; GSE49343; GSE42409; GSE120250; GSE98224)"", ""n_samples_trained"": ""1102"", ""age_min_trained"": ""5"", ""age_max_trained"": ""42"", ""age_unit_trained"": ""weeks_gestation"", ""health_status_trained"": ""mixed"", ""sex_distribution_trained"": null, ""ancestry_trained"": null}",different_granularity,These detailed training descriptors have no direct structured equivalent in pyaging.
LeeRobust,leerobust,preprocess,normalization,,none,runtime_contract_review,Compare current package behavior and defaults separately from the original-author specification; method names alone are insufficient.
LeeRobust,leerobust,reference_values,imputation_policy,,omit,runtime_contract_review,Compare current package behavior and defaults separately from the original-author specification; method names alone are insufficient.
LeeRobust,leerobust,postprocess,output_transform,,identity,runtime_contract_review,Compare current package behavior and defaults separately from the original-author specification; method names alone are insufficient.
LeeRobust,leerobust,unstructured covariates,covariates_required,,[],new_field_candidate,Upstream direct-only requirements may omit dependencies; resolve the transitive input graph.
LeeRobust,leerobust,unstructured batch dependence,batch_dependent,,False,new_field_candidate,"Describe pyaging cohort dependence, not the other package runtime flag."
Lin,lin,tissue,tissues_derived,"[""whole blood""]",blood,normalized_equal,
Lin,lin,platform,array_type_trained,"[""Illumina 27K"", ""Illumina 450K""]",450K,definition_or_value_difference,"Training platform must be separated from compatibility, validation and feature-selection platforms."
Lin,lin,model_type,training_algorithm,linear regression,multivariate linear regression,definition_or_value_difference,Compare fitting algorithm with serialized/algebraically folded implementation.
Lin,lin,n_features,n_cpgs,99,99,equal,
Lin,lin,doi,primary citation doi,https://doi.org/10.18632/aging.100908,"[""10.18632/aging.100908""]",normalized_equal,
Lin,lin,year,primary citation year,2016,"[""2016""]",equal,
Lin,lin,journal,primary citation journal,Aging,"[""Aging""]",text_comparison_only,Journal abbreviations and author-name formatting are not scientific discrepancies.
Lin,lin,last_author,primary citation last_author,Wolfgang Wagner,"[""Wagner, Wolfgang""]",text_comparison_only,Journal abbreviations and author-name formatting are not scientific discrepancies.
Lin,lin,notes,description,Whole-blood 99-CpG multivariate age estimator trained to predict chronological age; age acceleration from the model was secondarily tested for association with all-cause mortality.,"Lin is a 99-CpG whole-blood chronological-age predictor notable for being robust across microarray datasets without any normalization step, and whose age-acceleration (delta-age) was tested as an all-cause mortality indicator.",text_comparison_only,Independent descriptions; wording differences do not establish errors.
Lin,lin,population,training age/cohort,all ages,"{""cohort_trained"": ""UCSD and WCH (GSE40279)"", ""n_samples_trained"": ""656"", ""age_min_trained"": null, ""age_max_trained"": null, ""age_unit_trained"": ""years"", ""health_status_trained"": ""population-based"", ""sex_distribution_trained"": ""51.5% female"", ""ancestry_trained"": null}",different_granularity,These detailed training descriptors have no direct structured equivalent in pyaging.
Lin,lin,preprocess,normalization,,none,runtime_contract_review,Compare current package behavior and defaults separately from the original-author specification; method names alone are insufficient.
Lin,lin,reference_values,imputation_policy,,omit,runtime_contract_review,Compare current package behavior and defaults separately from the original-author specification; method names alone are insufficient.
Lin,lin,postprocess,output_transform,,identity,runtime_contract_review,Compare current package behavior and defaults separately from the original-author specification; method names alone are insufficient.
Lin,lin,unstructured covariates,covariates_required,,[],new_field_candidate,Upstream direct-only requirements may omit dependencies; resolve the transitive input graph.
Lin,lin,unstructured batch dependence,batch_dependent,,False,new_field_candidate,"Describe pyaging cohort dependence, not the other package runtime flag."
Liver,systemsageliver,tissue,tissues_derived,"[""whole blood""]",blood,normalized_equal,
Liver,systemsageliver,platform,array_type_trained,"[""Illumina 450K"", ""Illumina EPIC""]",450K; EPICv1,normalized_equal,
Liver,systemsageliver,model_type,training_algorithm,PCA + elastic net regression,Cox elastic net,definition_or_value_difference,Compare fitting algorithm with serialized/algebraically folded implementation.
Liver,systemsageliver,n_features,n_cpgs,125175,125175,equal,
Liver,systemsageliver,doi,primary citation doi,https://doi.org/10.1038/s43587-025-00958-3,"[""10.1038/s43587-025-00958-3""]",normalized_equal,
Liver,systemsageliver,year,primary citation year,2025,"[""2025""]",equal,
Liver,systemsageliver,journal,primary citation journal,Nature Aging,"[""Nature aging""]",text_comparison_only,Journal abbreviations and author-name formatting are not scientific discrepancies.
Liver,systemsageliver,last_author,primary citation last_author,Morgan Levine,"[""Levine, Morgan""]",text_comparison_only,Journal abbreviations and author-name formatting are not scientific discrepancies.
Liver,systemsageliver,notes,description,"Liver-system component of Systems Age: a whole-blood DNAm score built from hepatic-system biomarkers and mortality training, returned on an age-like scale.","A blood-DNAm, mortality-trained organ sub-score of Systems Age capturing hepatic-system aging, one of the 11 Systems Age organ scores.",text_comparison_only,Independent descriptions; wording differences do not establish errors.
Liver,systemsageliver,population,training age/cohort,older adults,"{""cohort_trained"": ""Health and Retirement Study (HRS); Framingham Heart Study (FHS) Offspring Cohort"", ""n_samples_trained"": ""3593"", ""age_min_trained"": ""24"", ""age_max_trained"": ""100"", ""age_unit_trained"": ""years"", ""health_status_trained"": ""population-based"", ""sex_distribution_trained"": null, ""ancestry_trained"": null}",different_granularity,These detailed training descriptors have no direct structured equivalent in pyaging.
Liver,systemsageliver,preprocess,normalization,,none,runtime_contract_review,Compare current package behavior and defaults separately from the original-author specification; method names alone are insufficient.
Liver,systemsageliver,reference_values,imputation_policy,True,vendor_mean,runtime_contract_review,Compare current package behavior and defaults separately from the original-author specification; method names alone are insufficient.
Liver,systemsageliver,postprocess,output_transform,,identity,runtime_contract_review,Compare current package behavior and defaults separately from the original-author specification; method names alone are insufficient.
Liver,systemsageliver,unstructured covariates,covariates_required,,[],new_field_candidate,Upstream direct-only requirements may omit dependencies; resolve the transitive input graph.
Liver,systemsageliver,unstructured batch dependence,batch_dependent,,False,new_field_candidate,"Describe pyaging cohort dependence, not the other package runtime flag."
Lung,systemsagelung,tissue,tissues_derived,"[""whole blood""]",blood,normalized_equal,
Lung,systemsagelung,platform,array_type_trained,"[""Illumina 450K"", ""Illumina EPIC""]",450K; EPICv1,normalized_equal,
Lung,systemsagelung,model_type,training_algorithm,PCA + elastic net regression,Cox elastic net,definition_or_value_difference,Compare fitting algorithm with serialized/algebraically folded implementation.
Lung,systemsagelung,n_features,n_cpgs,125175,125175,equal,
Lung,systemsagelung,doi,primary citation doi,https://doi.org/10.1038/s43587-025-00958-3,"[""10.1038/s43587-025-00958-3""]",normalized_equal,
Lung,systemsagelung,year,primary citation year,2025,"[""2025""]",equal,
Lung,systemsagelung,journal,primary citation journal,Nature Aging,"[""Nature aging""]",text_comparison_only,Journal abbreviations and author-name formatting are not scientific discrepancies.
Lung,systemsagelung,last_author,primary citation last_author,Morgan Levine,"[""Levine, Morgan""]",text_comparison_only,Journal abbreviations and author-name formatting are not scientific discrepancies.
Lung,systemsagelung,notes,description,"Lung-system component of Systems Age: a whole-blood DNAm score built from pulmonary-system biomarkers and mortality training, returned on an age-like scale.","A blood-DNAm, all-cause-mortality-trained score of pulmonary-system aging, one of the eleven Systems Age organ sub-scores, most strongly associated with time to lung cancer (z=9.69) and outperforming DunedinPACE and PCPhenoAge for lung-cancer ROC.",text_comparison_only,Independent descriptions; wording differences do not establish errors.
Lung,systemsagelung,population,training age/cohort,older adults,"{""cohort_trained"": ""Health and Retirement Study (HRS); Framingham Heart Study (FHS) Offspring Cohort"", ""n_samples_trained"": ""3593"", ""age_min_trained"": ""24"", ""age_max_trained"": ""100"", ""age_unit_trained"": ""years"", ""health_status_trained"": ""population-based"", ""sex_distribution_trained"": null, ""ancestry_trained"": null}",different_granularity,These detailed training descriptors have no direct structured equivalent in pyaging.
Lung,systemsagelung,preprocess,normalization,,none,runtime_contract_review,Compare current package behavior and defaults separately from the original-author specification; method names alone are insufficient.
Lung,systemsagelung,reference_values,imputation_policy,True,vendor_mean,runtime_contract_review,Compare current package behavior and defaults separately from the original-author specification; method names alone are insufficient.
Lung,systemsagelung,postprocess,output_transform,,identity,runtime_contract_review,Compare current package behavior and defaults separately from the original-author specification; method names alone are insufficient.
Lung,systemsagelung,unstructured covariates,covariates_required,,[],new_field_candidate,Upstream direct-only requirements may omit dependencies; resolve the transitive input graph.
Lung,systemsagelung,unstructured batch dependence,batch_dependent,,False,new_field_candidate,"Describe pyaging cohort dependence, not the other package runtime flag."
Mayne,mayne,tissue,tissues_derived,"[""placenta""]",placenta,normalized_equal,
Mayne,mayne,platform,array_type_trained,"[""Illumina 27K"", ""Illumina 450K""]",27K; 450K,normalized_equal,
Mayne,mayne,model_type,training_algorithm,elastic net regression,elastic net,normalized_equal,
Mayne,mayne,n_features,n_cpgs,62,62,equal,
Mayne,mayne,doi,primary citation doi,https://doi.org/10.2217/epi-2016-0103,"[""10.2217/epi-2016-0103""]",normalized_equal,
Mayne,mayne,year,primary citation year,2017,"[""2017""]",equal,
Mayne,mayne,journal,primary citation journal,Epigenomics,"[""Epigenomics""]",text_comparison_only,Journal abbreviations and author-name formatting are not scientific discrepancies.
Mayne,mayne,last_author,primary citation last_author,Tina Bianco‐Miotto,"[""Bianco-Miotto, Tina""]",text_comparison_only,Journal abbreviations and author-name formatting are not scientific discrepancies.
Mayne,mayne,notes,description,Placental elastic-net clock trained on pooled healthy human placenta methylation datasets; 62 selected CpGs predict gestational age and were used to test age acceleration in early-onset preeclampsia.,"A placenta-specific DNA-methylation clock that predicts gestational age from 62 CpGs in placental tissue, enabling detection of accelerated placental aging in pregnancy complications such as early-onset preeclampsia.",text_comparison_only,Independent descriptions; wording differences do not establish errors.
Mayne,mayne,population,training age/cohort,pregnancies,"{""cohort_trained"": ""GSE31781; GSE36829; GSE59274; GSE44667; GSE74738; This study (22 term placentas)"", ""n_samples_trained"": ""85"", ""age_min_trained"": ""8"", ""age_max_trained"": ""42"", ""age_unit_trained"": ""weeks_gestation"", ""health_status_trained"": ""population-based"", ""sex_distribution_trained"": null, ""ancestry_trained"": null}",different_granularity,These detailed training descriptors have no direct structured equivalent in pyaging.
Mayne,mayne,preprocess,normalization,,none,runtime_contract_review,Compare current package behavior and defaults separately from the original-author specification; method names alone are insufficient.
Mayne,mayne,reference_values,imputation_policy,,omit,runtime_contract_review,Compare current package behavior and defaults separately from the original-author specification; method names alone are insufficient.
Mayne,mayne,postprocess,output_transform,,identity,runtime_contract_review,Compare current package behavior and defaults separately from the original-author specification; method names alone are insufficient.
Mayne,mayne,unstructured covariates,covariates_required,,[],new_field_candidate,Upstream direct-only requirements may omit dependencies; resolve the transitive input graph.
Mayne,mayne,unstructured batch dependence,batch_dependent,,False,new_field_candidate,"Describe pyaging cohort dependence, not the other package runtime flag."
Metabolic,systemsagemetabolic,tissue,tissues_derived,"[""whole blood""]",blood,normalized_equal,
Metabolic,systemsagemetabolic,platform,array_type_trained,"[""Illumina 450K"", ""Illumina EPIC""]",450K; EPICv1,normalized_equal,
Metabolic,systemsagemetabolic,model_type,training_algorithm,PCA + elastic net regression,Cox elastic net,definition_or_value_difference,Compare fitting algorithm with serialized/algebraically folded implementation.
Metabolic,systemsagemetabolic,n_features,n_cpgs,125175,125175,equal,
Metabolic,systemsagemetabolic,doi,primary citation doi,https://doi.org/10.1038/s43587-025-00958-3,"[""10.1038/s43587-025-00958-3""]",normalized_equal,
Metabolic,systemsagemetabolic,year,primary citation year,2025,"[""2025""]",equal,
Metabolic,systemsagemetabolic,journal,primary citation journal,Nature Aging,"[""Nature aging""]",text_comparison_only,Journal abbreviations and author-name formatting are not scientific discrepancies.
Metabolic,systemsagemetabolic,last_author,primary citation last_author,Morgan Levine,"[""Levine, Morgan""]",text_comparison_only,Journal abbreviations and author-name formatting are not scientific discrepancies.
Metabolic,systemsagemetabolic,notes,description,"Metabolic-system component of Systems Age: a whole-blood DNAm score built from metabolic-system biomarkers and mortality training, returned on an age-like scale.","One of the 11 organ-system sub-scores of the Systems Age composite, the Systems Age - Metabolic score is a mortality-trained DNAm measure of metabolic-system aging most strongly associated with time to stroke and also linked to diabetes.",text_comparison_only,Independent descriptions; wording differences do not establish errors.
Metabolic,systemsagemetabolic,population,training age/cohort,older adults,"{""cohort_trained"": ""Health and Retirement Study (HRS); Framingham Heart Study (FHS) Offspring Cohort"", ""n_samples_trained"": ""3593"", ""age_min_trained"": ""24"", ""age_max_trained"": ""100"", ""age_unit_trained"": ""years"", ""health_status_trained"": ""population-based"", ""sex_distribution_trained"": null, ""ancestry_trained"": null}",different_granularity,These detailed training descriptors have no direct structured equivalent in pyaging.
Metabolic,systemsagemetabolic,preprocess,normalization,,none,runtime_contract_review,Compare current package behavior and defaults separately from the original-author specification; method names alone are insufficient.
Metabolic,systemsagemetabolic,reference_values,imputation_policy,True,vendor_mean,runtime_contract_review,Compare current package behavior and defaults separately from the original-author specification; method names alone are insufficient.
Metabolic,systemsagemetabolic,postprocess,output_transform,,identity,runtime_contract_review,Compare current package behavior and defaults separately from the original-author specification; method names alone are insufficient.
Metabolic,systemsagemetabolic,unstructured covariates,covariates_required,,[],new_field_candidate,Upstream direct-only requirements may omit dependencies; resolve the transitive input graph.
Metabolic,systemsagemetabolic,unstructured batch dependence,batch_dependent,,False,new_field_candidate,"Describe pyaging cohort dependence, not the other package runtime flag."
MiAge,miage,tissue,tissues_derived,"[""multi-tissue""]",breast; colon; head/neck; kidney; liver; prostate; thyroid; uterine; matched tumor and adjacent-normal,definition_or_value_difference,Broad labels versus explicit source tissues can explain apparent differences.
MiAge,miage,platform,array_type_trained,"[""Illumina 450K""]",450K; EPICv1,definition_or_value_difference,"Training platform must be separated from compatibility, validation and feature-selection platforms."
MiAge,miage,model_type,training_algorithm,dynamic methylation transmission model,MiAge model (least-squares fit of a stochastic methylation-transmission / molecular-clock model),definition_or_value_difference,Compare fitting algorithm with serialized/algebraically folded implementation.
MiAge,miage,n_features,n_cpgs,268,268,equal,
MiAge,miage,doi,primary citation doi,https://doi.org/10.1080/15592294.2017.1389361,"[""10.1080/15592294.2017.1389361""]",normalized_equal,
MiAge,miage,year,primary citation year,2018,"[""2018""]",equal,
MiAge,miage,journal,primary citation journal,Epigenetics,"[""Epigenetics""]",text_comparison_only,Journal abbreviations and author-name formatting are not scientific discrepancies.
MiAge,miage,last_author,primary citation last_author,Shuang Wang,"[""Wang, Shuang""]",text_comparison_only,Journal abbreviations and author-name formatting are not scientific discrepancies.
MiAge,miage,notes,description,"Mitotic-age estimator using the authors’ 268-CpG fitted b/c/d parameters and five-start bounded L-BFGS-B least squares (bounds of 10–10,000 on the relative-mitotic-age scale). The scale is identifiable only up to an unknown common factor, so scores are not absolute division counts. The scalar optimizer runs on CPU in float64, including when other clocks run on CUDA. Missing CpGs and supplied NaNs are omitted from each sample’s objective. The original all-NaN tie returns 2,008; this is an optimizer starting value with no biological meaning, so measured clock CpGs are required for interpretation. Original author function_library.r and site_specific_parameters.Rdata are preserved by an archived mirror at anilpsori/DNAm_pipelines_and_biomarkers commit d84d6adfc039355d5f9c962fc5faa7d1054f56b2; the original Columbia download returned HTTP403 during verification. All 268 CpG IDs and shared annotation fields match the original publisher supplement in order. No software/weight license is declared by the archived author files; the separate publisher supplement is CC BY4.0.","MiAge is a mitotic-age calculator that, rather than using penalized regression, fits a custom stochastic molecular-clock model to 268 CpGs to estimate the relative total number of lifetime cell divisions of any tissue.",text_comparison_only,Independent descriptions; wording differences do not establish errors.
MiAge,miage,population,training age/cohort,"human, age unspecified","{""cohort_trained"": ""TCGA (8 cancer types: BRCA, COAD, HNSC, KIRP, LIHC, PRAD, THCA, UCEC)"", ""n_samples_trained"": ""4020"", ""age_min_trained"": null, ""age_max_trained"": null, ""age_unit_trained"": ""years"", ""health_status_trained"": ""disease-enriched"", ""sex_distribution_trained"": null, ""ancestry_trained"": null}",different_granularity,These detailed training descriptors have no direct structured equivalent in pyaging.
MiAge,miage,preprocess,normalization,omit missing CpGs and supplied NaNs from the least-squares objective,none,runtime_contract_review,Compare current package behavior and defaults separately from the original-author specification; method names alone are insufficient.
MiAge,miage,reference_values,imputation_policy,True,omit,runtime_contract_review,Compare current package behavior and defaults separately from the original-author specification; method names alone are insufficient.
MiAge,miage,postprocess,output_transform,,identity,runtime_contract_review,Compare current package behavior and defaults separately from the original-author specification; method names alone are insufficient.
MiAge,miage,unstructured covariates,covariates_required,,[],new_field_candidate,Upstream direct-only requirements may omit dependencies; resolve the transitive input graph.
MiAge,miage,unstructured batch dependence,batch_dependent,,False,new_field_candidate,"Describe pyaging cohort dependence, not the other package runtime flag."
MusculoSkeletal,systemsagemusculoskeletal,tissue,tissues_derived,"[""whole blood""]",blood,normalized_equal,
MusculoSkeletal,systemsagemusculoskeletal,platform,array_type_trained,"[""Illumina 450K"", ""Illumina EPIC""]",450K; EPICv1,normalized_equal,
MusculoSkeletal,systemsagemusculoskeletal,model_type,training_algorithm,PCA + elastic net regression,Cox elastic net,definition_or_value_difference,Compare fitting algorithm with serialized/algebraically folded implementation.
MusculoSkeletal,systemsagemusculoskeletal,n_features,n_cpgs,125175,125175,equal,
MusculoSkeletal,systemsagemusculoskeletal,doi,primary citation doi,https://doi.org/10.1038/s43587-025-00958-3,"[""10.1038/s43587-025-00958-3""]",normalized_equal,
MusculoSkeletal,systemsagemusculoskeletal,year,primary citation year,2025,"[""2025""]",equal,
MusculoSkeletal,systemsagemusculoskeletal,journal,primary citation journal,Nature Aging,"[""Nature aging""]",text_comparison_only,Journal abbreviations and author-name formatting are not scientific discrepancies.
MusculoSkeletal,systemsagemusculoskeletal,last_author,primary citation last_author,Morgan Levine,"[""Levine, Morgan""]",text_comparison_only,Journal abbreviations and author-name formatting are not scientific discrepancies.
MusculoSkeletal,systemsagemusculoskeletal,notes,description,"Musculoskeletal-system component of Systems Age: a whole-blood DNAm score built from musculoskeletal biomarkers and functional measures and mortality training, returned on an age-like scale.","The Musculoskeletal score is one of the 11 organ-system sub-scores of the composite Systems Age, a mortality-trained blood DNAm measure of musculoskeletal aging most strongly linked to physical function, diabetes, and arthritis.",text_comparison_only,Independent descriptions; wording differences do not establish errors.
MusculoSkeletal,systemsagemusculoskeletal,population,training age/cohort,older adults,"{""cohort_trained"": ""Health and Retirement Study (HRS); Framingham Heart Study (FHS) Offspring Cohort"", ""n_samples_trained"": ""3593"", ""age_min_trained"": ""24"", ""age_max_trained"": ""100"", ""age_unit_trained"": ""years"", ""health_status_trained"": ""population-based"", ""sex_distribution_trained"": null, ""ancestry_trained"": null}",different_granularity,These detailed training descriptors have no direct structured equivalent in pyaging.
MusculoSkeletal,systemsagemusculoskeletal,preprocess,normalization,,none,runtime_contract_review,Compare current package behavior and defaults separately from the original-author specification; method names alone are insufficient.
MusculoSkeletal,systemsagemusculoskeletal,reference_values,imputation_policy,True,vendor_mean,runtime_contract_review,Compare current package behavior and defaults separately from the original-author specification; method names alone are insufficient.
MusculoSkeletal,systemsagemusculoskeletal,postprocess,output_transform,,identity,runtime_contract_review,Compare current package behavior and defaults separately from the original-author specification; method names alone are insufficient.
MusculoSkeletal,systemsagemusculoskeletal,unstructured covariates,covariates_required,,[],new_field_candidate,Upstream direct-only requirements may omit dependencies; resolve the transitive input graph.
MusculoSkeletal,systemsagemusculoskeletal,unstructured batch dependence,batch_dependent,,False,new_field_candidate,"Describe pyaging cohort dependence, not the other package runtime flag."
PCADM,pcgrimageadm,tissue,tissues_derived,"[""whole blood""]",blood,normalized_equal,
PCADM,pcgrimageadm,platform,array_type_trained,"[""Illumina 450K""]",450K,normalized_equal,
PCADM,pcgrimageadm,model_type,training_algorithm,PCA + elastic net regression,PCA + elastic net,normalized_equal,
PCADM,pcgrimageadm,n_features,n_cpgs,78466,78464,definition_or_value_difference,"pyaging counts packaged model features; upstream counts scoring CpGs. Compare covariates, routed unions, normalization panels and effective nonzero columns."
PCADM,pcgrimageadm,doi,primary citation doi,https://doi.org/10.1038/s43587-022-00248-2,"[""10.1038/s43587-022-00248-2""]",normalized_equal,
PCADM,pcgrimageadm,year,primary citation year,2022,"[""2022""]",equal,
PCADM,pcgrimageadm,journal,primary citation journal,Nature Aging,"[""Nature aging""]",text_comparison_only,Journal abbreviations and author-name formatting are not scientific discrepancies.
PCADM,pcgrimageadm,last_author,primary citation last_author,Morgan E. Levine,"[""Levine, Morgan E""]",text_comparison_only,Journal abbreviations and author-name formatting are not scientific discrepancies.
PCADM,pcgrimageadm,notes,description,"Standalone principal-component proxy trained to reproduce the original DNAm adrenomedullin score. Coefficients are composed exactly from the author PCA rotation and proxy regression. CpGs use the author GSE40279 reference. Sex (female=1, male=0) and chronological age must be supplied when selected by the original component regression; missing demographic inputs are rejected. Selected demographic inputs: female, age.","A reliability-enhanced, principal-component version of GrimAge's DNAm surrogate for plasma adrenomedullin (ADM), built to suppress the technical noise of the original CpG-based component.",text_comparison_only,Independent descriptions; wording differences do not establish errors.
PCADM,pcgrimageadm,population,training age/cohort,adults,"{""cohort_trained"": ""Framingham Heart Study (FHS) Offspring Cohort"", ""n_samples_trained"": ""3935"", ""age_min_trained"": ""24"", ""age_max_trained"": ""92"", ""age_unit_trained"": ""years"", ""health_status_trained"": ""population-based"", ""sex_distribution_trained"": null, ""ancestry_trained"": null}",different_granularity,These detailed training descriptors have no direct structured equivalent in pyaging.
PCADM,pcgrimageadm,preprocess,normalization,,none,runtime_contract_review,Compare current package behavior and defaults separately from the original-author specification; method names alone are insufficient.
PCADM,pcgrimageadm,reference_values,imputation_policy,True,vendor_mean,runtime_contract_review,Compare current package behavior and defaults separately from the original-author specification; method names alone are insufficient.
PCADM,pcgrimageadm,postprocess,output_transform,,identity,runtime_contract_review,Compare current package behavior and defaults separately from the original-author specification; method names alone are insufficient.
PCADM,pcgrimageadm,unstructured covariates,covariates_required,,"[""Age"", ""Female""]",new_field_candidate,Upstream direct-only requirements may omit dependencies; resolve the transitive input graph.
PCADM,pcgrimageadm,unstructured batch dependence,batch_dependent,,False,new_field_candidate,"Describe pyaging cohort dependence, not the other package runtime flag."
PCB2M,pcgrimageb2m,tissue,tissues_derived,"[""whole blood""]",blood,normalized_equal,
PCB2M,pcgrimageb2m,platform,array_type_trained,"[""Illumina 450K""]",450K,normalized_equal,
PCB2M,pcgrimageb2m,model_type,training_algorithm,PCA + elastic net regression,PCA + elastic net,normalized_equal,
PCB2M,pcgrimageb2m,n_features,n_cpgs,78465,78464,definition_or_value_difference,"pyaging counts packaged model features; upstream counts scoring CpGs. Compare covariates, routed unions, normalization panels and effective nonzero columns."
PCB2M,pcgrimageb2m,doi,primary citation doi,https://doi.org/10.1038/s43587-022-00248-2,"[""10.1038/s43587-022-00248-2""]",normalized_equal,
PCB2M,pcgrimageb2m,year,primary citation year,2022,"[""2022""]",equal,
PCB2M,pcgrimageb2m,journal,primary citation journal,Nature Aging,"[""Nature aging""]",text_comparison_only,Journal abbreviations and author-name formatting are not scientific discrepancies.
PCB2M,pcgrimageb2m,last_author,primary citation last_author,Morgan E. Levine,"[""Levine, Morgan E""]",text_comparison_only,Journal abbreviations and author-name formatting are not scientific discrepancies.
PCB2M,pcgrimageb2m,notes,description,"Standalone principal-component proxy trained to reproduce the original DNAm beta-2-microglobulin score. Coefficients are composed exactly from the author PCA rotation and proxy regression. CpGs use the author GSE40279 reference. Sex (female=1, male=0) and chronological age must be supplied when selected by the original component regression; missing demographic inputs are rejected. Selected demographic inputs: age.","PCB2M is a reliability-enhanced, principal-component reconstruction of the GrimAge Beta-2-microglobulin (B2M) protein surrogate, using a PCA-based design that markedly improves test-retest reliability over the original CpG-based component.",text_comparison_only,Independent descriptions; wording differences do not establish errors.
PCB2M,pcgrimageb2m,population,training age/cohort,adults,"{""cohort_trained"": ""Framingham Heart Study (FHS) Offspring Cohort"", ""n_samples_trained"": ""3935"", ""age_min_trained"": ""24"", ""age_max_trained"": ""92"", ""age_unit_trained"": ""years"", ""health_status_trained"": ""population-based"", ""sex_distribution_trained"": null, ""ancestry_trained"": null}",different_granularity,These detailed training descriptors have no direct structured equivalent in pyaging.
PCB2M,pcgrimageb2m,preprocess,normalization,,none,runtime_contract_review,Compare current package behavior and defaults separately from the original-author specification; method names alone are insufficient.
PCB2M,pcgrimageb2m,reference_values,imputation_policy,True,vendor_mean,runtime_contract_review,Compare current package behavior and defaults separately from the original-author specification; method names alone are insufficient.
PCB2M,pcgrimageb2m,postprocess,output_transform,,identity,runtime_contract_review,Compare current package behavior and defaults separately from the original-author specification; method names alone are insufficient.
PCB2M,pcgrimageb2m,unstructured covariates,covariates_required,,"[""Age""]",new_field_candidate,Upstream direct-only requirements may omit dependencies; resolve the transitive input graph.
PCB2M,pcgrimageb2m,unstructured batch dependence,batch_dependent,,False,new_field_candidate,"Describe pyaging cohort dependence, not the other package runtime flag."
PCBrainAge,pcbrainage,tissue,tissues_derived,"[""brain cortex""]",brain PFC,definition_or_value_difference,Broad labels versus explicit source tissues can explain apparent differences.
PCBrainAge,pcbrainage,platform,array_type_trained,"[""Illumina 450K""]",450K,normalized_equal,
PCBrainAge,pcbrainage,model_type,training_algorithm,PCA + elastic net regression,PCA + elastic net,normalized_equal,
PCBrainAge,pcbrainage,n_features,n_cpgs,357852,357852,equal,
PCBrainAge,pcbrainage,doi,primary citation doi,https://doi.org/10.18632/aging.204196,"[""10.18632/aging.204196""]",normalized_equal,
PCBrainAge,pcbrainage,year,primary citation year,2022,"[""2022""]",equal,
PCBrainAge,pcbrainage,journal,primary citation journal,Aging,"[""Aging""]",text_comparison_only,Journal abbreviations and author-name formatting are not scientific discrepancies.
PCBrainAge,pcbrainage,last_author,primary citation last_author,Morgan E. Levine,"[""Levine, Morgan E""]",text_comparison_only,Journal abbreviations and author-name formatting are not scientific discrepancies.
PCBrainAge,pcbrainage,notes,description,Brain chronological-age clock trained in dorsolateral prefrontal cortex. The original PCA and regression are composed algebraically without retraining; missing CpGs use the authors’ GSE74193 adult brain means. No age-acceleration residualization is performed.,"A brain-specific, principal-component DNA-methylation clock trained on postmortem cortex, built to prioritize reliability and Alzheimer's-disease association over maximal chronological-age accuracy.",text_comparison_only,Independent descriptions; wording differences do not establish errors.
PCBrainAge,pcbrainage,population,training age/cohort,adults,"{""cohort_trained"": ""NIMH Brain Tissue Collection / Lieber Institute DLPFC cohort (GSE74193)"", ""n_samples_trained"": ""399"", ""age_min_trained"": ""20"", ""age_max_trained"": ""97"", ""age_unit_trained"": ""years"", ""health_status_trained"": ""mixed"", ""sex_distribution_trained"": ""34.3% female"", ""ancestry_trained"": ""European (48%)""}",different_granularity,These detailed training descriptors have no direct structured equivalent in pyaging.
PCBrainAge,pcbrainage,preprocess,normalization,,none,runtime_contract_review,Compare current package behavior and defaults separately from the original-author specification; method names alone are insufficient.
PCBrainAge,pcbrainage,reference_values,imputation_policy,True,vendor_mean,runtime_contract_review,Compare current package behavior and defaults separately from the original-author specification; method names alone are insufficient.
PCBrainAge,pcbrainage,postprocess,output_transform,,identity,runtime_contract_review,Compare current package behavior and defaults separately from the original-author specification; method names alone are insufficient.
PCBrainAge,pcbrainage,unstructured covariates,covariates_required,,[],new_field_candidate,Upstream direct-only requirements may omit dependencies; resolve the transitive input graph.
PCBrainAge,pcbrainage,unstructured batch dependence,batch_dependent,,False,new_field_candidate,"Describe pyaging cohort dependence, not the other package runtime flag."
PCCystatinC,pcgrimagecystatinc,tissue,tissues_derived,"[""whole blood""]",blood,normalized_equal,
PCCystatinC,pcgrimagecystatinc,platform,array_type_trained,"[""Illumina 450K""]",450K,normalized_equal,
PCCystatinC,pcgrimagecystatinc,model_type,training_algorithm,PCA + elastic net regression,PCA + elastic net,normalized_equal,
PCCystatinC,pcgrimagecystatinc,n_features,n_cpgs,78466,78464,definition_or_value_difference,"pyaging counts packaged model features; upstream counts scoring CpGs. Compare covariates, routed unions, normalization panels and effective nonzero columns."
PCCystatinC,pcgrimagecystatinc,doi,primary citation doi,https://doi.org/10.1038/s43587-022-00248-2,"[""10.1038/s43587-022-00248-2""]",normalized_equal,
PCCystatinC,pcgrimagecystatinc,year,primary citation year,2022,"[""2022""]",equal,
PCCystatinC,pcgrimagecystatinc,journal,primary citation journal,Nature Aging,"[""Nature aging""]",text_comparison_only,Journal abbreviations and author-name formatting are not scientific discrepancies.
PCCystatinC,pcgrimagecystatinc,last_author,primary citation last_author,Morgan E. Levine,"[""Levine, Morgan E""]",text_comparison_only,Journal abbreviations and author-name formatting are not scientific discrepancies.
PCCystatinC,pcgrimagecystatinc,notes,description,"Standalone principal-component proxy trained to reproduce the original DNAm cystatin C score. Coefficients are composed exactly from the author PCA rotation and proxy regression. CpGs use the author GSE40279 reference. Sex (female=1, male=0) and chronological age must be supplied when selected by the original component regression; missing demographic inputs are rejected. Selected demographic inputs: female, age.","A principal-component (reliability-enhanced) reconstruction of GrimAge's DNAm cystatin C surrogate, achieving near-perfect test-retest reliability (epigenetic-age ICC ~0.99).",text_comparison_only,Independent descriptions; wording differences do not establish errors.
PCCystatinC,pcgrimagecystatinc,population,training age/cohort,adults,"{""cohort_trained"": ""Framingham Heart Study (FHS) Offspring Cohort"", ""n_samples_trained"": ""3935"", ""age_min_trained"": ""24"", ""age_max_trained"": ""92"", ""age_unit_trained"": ""years"", ""health_status_trained"": ""population-based"", ""sex_distribution_trained"": null, ""ancestry_trained"": null}",different_granularity,These detailed training descriptors have no direct structured equivalent in pyaging.
PCCystatinC,pcgrimagecystatinc,preprocess,normalization,,none,runtime_contract_review,Compare current package behavior and defaults separately from the original-author specification; method names alone are insufficient.
PCCystatinC,pcgrimagecystatinc,reference_values,imputation_policy,True,vendor_mean,runtime_contract_review,Compare current package behavior and defaults separately from the original-author specification; method names alone are insufficient.
PCCystatinC,pcgrimagecystatinc,postprocess,output_transform,,identity,runtime_contract_review,Compare current package behavior and defaults separately from the original-author specification; method names alone are insufficient.
PCCystatinC,pcgrimagecystatinc,unstructured covariates,covariates_required,,"[""Age"", ""Female""]",new_field_candidate,Upstream direct-only requirements may omit dependencies; resolve the transitive input graph.
PCCystatinC,pcgrimagecystatinc,unstructured batch dependence,batch_dependent,,False,new_field_candidate,"Describe pyaging cohort dependence, not the other package runtime flag."
PCDNAmTL,pcdnamtl,tissue,tissues_derived,"[""whole blood""]",blood,normalized_equal,
PCDNAmTL,pcdnamtl,platform,array_type_trained,"[""Illumina 450K""]",450K,normalized_equal,
PCDNAmTL,pcdnamtl,model_type,training_algorithm,PCA + elastic net regression,PCA + elastic net,normalized_equal,
PCDNAmTL,pcdnamtl,n_features,n_cpgs,78464,78464,equal,
PCDNAmTL,pcdnamtl,doi,primary citation doi,https://doi.org/10.1038/s43587-022-00248-2,"[""10.1038/s43587-022-00248-2""]",normalized_equal,
PCDNAmTL,pcdnamtl,year,primary citation year,2022,"[""2022""]",equal,
PCDNAmTL,pcdnamtl,journal,primary citation journal,Nature Aging,"[""Nature aging""]",text_comparison_only,Journal abbreviations and author-name formatting are not scientific discrepancies.
PCDNAmTL,pcdnamtl,last_author,primary citation last_author,Morgan E. Levine,"[""Levine, Morgan E""]",text_comparison_only,Journal abbreviations and author-name formatting are not scientific discrepancies.
PCDNAmTL,pcdnamtl,notes,description,Principal-component proxy trained to reproduce the original DNAmTL clock output; the returned score remains in kilobases. Figure-level base-pair deviations are a separate analysis-scale conversion.,"A reliability-enhanced, principal-component version of the DNAm telomere-length estimator, built with PCA to achieve near-perfect test-retest reliability (ICC 0.99) while predicting telomere length in kilobases.",text_comparison_only,Independent descriptions; wording differences do not establish errors.
PCDNAmTL,pcdnamtl,population,training age/cohort,adults,"{""cohort_trained"": ""Framingham Heart Study (FHS) Offspring Cohort"", ""n_samples_trained"": ""3935"", ""age_min_trained"": ""24"", ""age_max_trained"": ""92"", ""age_unit_trained"": ""years"", ""health_status_trained"": ""population-based"", ""sex_distribution_trained"": null, ""ancestry_trained"": null}",different_granularity,These detailed training descriptors have no direct structured equivalent in pyaging.
PCDNAmTL,pcdnamtl,preprocess,normalization,,none,runtime_contract_review,Compare current package behavior and defaults separately from the original-author specification; method names alone are insufficient.
PCDNAmTL,pcdnamtl,reference_values,imputation_policy,True,vendor_mean,runtime_contract_review,Compare current package behavior and defaults separately from the original-author specification; method names alone are insufficient.
PCDNAmTL,pcdnamtl,postprocess,output_transform,,identity,runtime_contract_review,Compare current package behavior and defaults separately from the original-author specification; method names alone are insufficient.
PCDNAmTL,pcdnamtl,unstructured covariates,covariates_required,,[],new_field_candidate,Upstream direct-only requirements may omit dependencies; resolve the transitive input graph.
PCDNAmTL,pcdnamtl,unstructured batch dependence,batch_dependent,,False,new_field_candidate,"Describe pyaging cohort dependence, not the other package runtime flag."
PCGDF15,pcgrimagegdf15,tissue,tissues_derived,"[""whole blood""]",blood,normalized_equal,
PCGDF15,pcgrimagegdf15,platform,array_type_trained,"[""Illumina 450K""]",450K,normalized_equal,
PCGDF15,pcgrimagegdf15,model_type,training_algorithm,PCA + elastic net regression,PCA + elastic net,normalized_equal,
PCGDF15,pcgrimagegdf15,n_features,n_cpgs,78465,78464,definition_or_value_difference,"pyaging counts packaged model features; upstream counts scoring CpGs. Compare covariates, routed unions, normalization panels and effective nonzero columns."
PCGDF15,pcgrimagegdf15,doi,primary citation doi,https://doi.org/10.1038/s43587-022-00248-2,"[""10.1038/s43587-022-00248-2""]",normalized_equal,
PCGDF15,pcgrimagegdf15,year,primary citation year,2022,"[""2022""]",equal,
PCGDF15,pcgrimagegdf15,journal,primary citation journal,Nature Aging,"[""Nature aging""]",text_comparison_only,Journal abbreviations and author-name formatting are not scientific discrepancies.
PCGDF15,pcgrimagegdf15,last_author,primary citation last_author,Morgan E. Levine,"[""Levine, Morgan E""]",text_comparison_only,Journal abbreviations and author-name formatting are not scientific discrepancies.
PCGDF15,pcgrimagegdf15,notes,description,"Standalone principal-component proxy trained to reproduce the original DNAm GDF15 score. Coefficients are composed exactly from the author PCA rotation and proxy regression. CpGs use the author GSE40279 reference. Sex (female=1, male=0) and chronological age must be supplied when selected by the original component regression; missing demographic inputs are rejected. Selected demographic inputs: age.","A reliability-enhanced, principal-component reconstruction of GrimAge's DNAm surrogate of plasma Growth Differentiation Factor 15 (GDF15), engineered to achieve near-perfect test-retest reliability.",text_comparison_only,Independent descriptions; wording differences do not establish errors.
PCGDF15,pcgrimagegdf15,population,training age/cohort,adults,"{""cohort_trained"": ""Framingham Heart Study (FHS) Offspring Cohort"", ""n_samples_trained"": ""3935"", ""age_min_trained"": ""24"", ""age_max_trained"": ""92"", ""age_unit_trained"": ""years"", ""health_status_trained"": ""population-based"", ""sex_distribution_trained"": null, ""ancestry_trained"": null}",different_granularity,These detailed training descriptors have no direct structured equivalent in pyaging.
PCGDF15,pcgrimagegdf15,preprocess,normalization,,none,runtime_contract_review,Compare current package behavior and defaults separately from the original-author specification; method names alone are insufficient.
PCGDF15,pcgrimagegdf15,reference_values,imputation_policy,True,vendor_mean,runtime_contract_review,Compare current package behavior and defaults separately from the original-author specification; method names alone are insufficient.
PCGDF15,pcgrimagegdf15,postprocess,output_transform,,identity,runtime_contract_review,Compare current package behavior and defaults separately from the original-author specification; method names alone are insufficient.
PCGDF15,pcgrimagegdf15,unstructured covariates,covariates_required,,"[""Age""]",new_field_candidate,Upstream direct-only requirements may omit dependencies; resolve the transitive input graph.
PCGDF15,pcgrimagegdf15,unstructured batch dependence,batch_dependent,,False,new_field_candidate,"Describe pyaging cohort dependence, not the other package runtime flag."
PCGrimAge,pcgrimage,tissue,tissues_derived,"[""whole blood""]",blood,normalized_equal,
PCGrimAge,pcgrimage,platform,array_type_trained,"[""Illumina 450K""]",450K,normalized_equal,
PCGrimAge,pcgrimage,model_type,training_algorithm,PCA + elastic net regression,PCA + elastic net,normalized_equal,
PCGrimAge,pcgrimage,n_features,n_cpgs,78466,78464,definition_or_value_difference,"pyaging counts packaged model features; upstream counts scoring CpGs. Compare covariates, routed unions, normalization panels and effective nonzero columns."
PCGrimAge,pcgrimage,doi,primary citation doi,https://doi.org/10.1038/s43587-022-00248-2,"[""10.1038/s43587-022-00248-2""]",normalized_equal,
PCGrimAge,pcgrimage,year,primary citation year,2022,"[""2022""]",equal,
PCGrimAge,pcgrimage,journal,primary citation journal,Nature Aging,"[""Nature aging""]",text_comparison_only,Journal abbreviations and author-name formatting are not scientific discrepancies.
PCGrimAge,pcgrimage,last_author,primary citation last_author,Morgan E. Levine,"[""Levine, Morgan E""]",text_comparison_only,Journal abbreviations and author-name formatting are not scientific discrepancies.
PCGrimAge,pcgrimage,notes,description,Principal-component proxy trained to reproduce the original DNAm GrimAge score; age and sex are additional model inputs.,"PCGrimAge is a reliability-enhanced, principal-component reconstruction of the mortality-predictive GrimAge clock, trained on PCs of CpG data to achieve near-perfect test-retest reliability (ICCs of 0.99).",text_comparison_only,Independent descriptions; wording differences do not establish errors.
PCGrimAge,pcgrimage,population,training age/cohort,adults,"{""cohort_trained"": ""Framingham Heart Study (FHS) Offspring Cohort"", ""n_samples_trained"": ""3935"", ""age_min_trained"": ""24"", ""age_max_trained"": ""92"", ""age_unit_trained"": ""years"", ""health_status_trained"": ""population-based"", ""sex_distribution_trained"": null, ""ancestry_trained"": null}",different_granularity,These detailed training descriptors have no direct structured equivalent in pyaging.
PCGrimAge,pcgrimage,preprocess,normalization,,none,runtime_contract_review,Compare current package behavior and defaults separately from the original-author specification; method names alone are insufficient.
PCGrimAge,pcgrimage,reference_values,imputation_policy,True,vendor_mean,runtime_contract_review,Compare current package behavior and defaults separately from the original-author specification; method names alone are insufficient.
PCGrimAge,pcgrimage,postprocess,output_transform,,identity,runtime_contract_review,Compare current package behavior and defaults separately from the original-author specification; method names alone are insufficient.
PCGrimAge,pcgrimage,unstructured covariates,covariates_required,,"[""Age"", ""Female""]",new_field_candidate,Upstream direct-only requirements may omit dependencies; resolve the transitive input graph.
PCGrimAge,pcgrimage,unstructured batch dependence,batch_dependent,,False,new_field_candidate,"Describe pyaging cohort dependence, not the other package runtime flag."
PCHannum,pchannum,tissue,tissues_derived,"[""whole blood""]",blood,normalized_equal,
PCHannum,pchannum,platform,array_type_trained,"[""Illumina 450K""]",450K,normalized_equal,
PCHannum,pchannum,model_type,training_algorithm,PCA + elastic net regression,PCA + elastic net,normalized_equal,
PCHannum,pchannum,n_features,n_cpgs,78464,78464,equal,
PCHannum,pchannum,doi,primary citation doi,https://doi.org/10.1038/s43587-022-00248-2,"[""10.1038/s43587-022-00248-2""]",normalized_equal,
PCHannum,pchannum,year,primary citation year,2022,"[""2022""]",equal,
PCHannum,pchannum,journal,primary citation journal,Nature Aging,"[""Nature aging""]",text_comparison_only,Journal abbreviations and author-name formatting are not scientific discrepancies.
PCHannum,pchannum,last_author,primary citation last_author,Morgan E. Levine,"[""Levine, Morgan E""]",text_comparison_only,Journal abbreviations and author-name formatting are not scientific discrepancies.
PCHannum,pchannum,notes,description,Principal-component proxy trained to reproduce the original Hannum whole-blood age-clock score.,"PCHannum is a principal-component reconstruction of the Hannum blood chronological-age clock, using PCA-based training to dramatically improve test-retest reliability (epigenetic-age ICC 0.99+) over the original CpG-based version.",text_comparison_only,Independent descriptions; wording differences do not establish errors.
PCHannum,pchannum,population,training age/cohort,adults,"{""cohort_trained"": ""UCSD and WCH (GSE40279)"", ""n_samples_trained"": ""656"", ""age_min_trained"": ""19"", ""age_max_trained"": ""101"", ""age_unit_trained"": ""years"", ""health_status_trained"": ""population-based"", ""sex_distribution_trained"": ""51.5% female"", ""ancestry_trained"": null}",different_granularity,These detailed training descriptors have no direct structured equivalent in pyaging.
PCHannum,pchannum,preprocess,normalization,,none,runtime_contract_review,Compare current package behavior and defaults separately from the original-author specification; method names alone are insufficient.
PCHannum,pchannum,reference_values,imputation_policy,True,vendor_mean,runtime_contract_review,Compare current package behavior and defaults separately from the original-author specification; method names alone are insufficient.
PCHannum,pchannum,postprocess,output_transform,,identity,runtime_contract_review,Compare current package behavior and defaults separately from the original-author specification; method names alone are insufficient.
PCHannum,pchannum,unstructured covariates,covariates_required,,[],new_field_candidate,Upstream direct-only requirements may omit dependencies; resolve the transitive input graph.
PCHannum,pchannum,unstructured batch dependence,batch_dependent,,False,new_field_candidate,"Describe pyaging cohort dependence, not the other package runtime flag."
PCHorvath1,pchorvath2013,tissue,tissues_derived,"[""multi-tissue""]",diverse tissues,definition_or_value_difference,Broad labels versus explicit source tissues can explain apparent differences.
PCHorvath1,pchorvath2013,platform,array_type_trained,"[""Illumina 450K"", ""Illumina EPIC""]",450K,definition_or_value_difference,"Training platform must be separated from compatibility, validation and feature-selection platforms."
PCHorvath1,pchorvath2013,model_type,training_algorithm,PCA + elastic net regression,PCA + elastic net,normalized_equal,
PCHorvath1,pchorvath2013,n_features,n_cpgs,78464,78464,equal,
PCHorvath1,pchorvath2013,doi,primary citation doi,https://doi.org/10.1038/s43587-022-00248-2,"[""10.1038/s43587-022-00248-2""]",normalized_equal,
PCHorvath1,pchorvath2013,year,primary citation year,2022,"[""2022""]",equal,
PCHorvath1,pchorvath2013,journal,primary citation journal,Nature Aging,"[""Nature aging""]",text_comparison_only,Journal abbreviations and author-name formatting are not scientific discrepancies.
PCHorvath1,pchorvath2013,last_author,primary citation last_author,Morgan E. Levine,"[""Levine, Morgan E""]",text_comparison_only,Journal abbreviations and author-name formatting are not scientific discrepancies.
PCHorvath1,pchorvath2013,notes,description,"Principal-component proxy of the 2013 Horvath pan-tissue clock, trained against the original clock score using substituted multi-tissue datasets.","A reliability-enhanced, principal-component reconstruction of the original Horvath multi-tissue chronological-age clock, engineered to remove the technical noise of the CpG-based version.",text_comparison_only,Independent descriptions; wording differences do not establish errors.
PCHorvath1,pchorvath2013,population,training age/cohort,all ages,"{""cohort_trained"": ""Multi-tissue datasets (Horvath 2013 + substitutes; Supplementary Table 6)"", ""n_samples_trained"": ""4281"", ""age_min_trained"": null, ""age_max_trained"": null, ""age_unit_trained"": ""years"", ""health_status_trained"": null, ""sex_distribution_trained"": null, ""ancestry_trained"": null}",different_granularity,These detailed training descriptors have no direct structured equivalent in pyaging.
PCHorvath1,pchorvath2013,preprocess,normalization,,none,runtime_contract_review,Compare current package behavior and defaults separately from the original-author specification; method names alone are insufficient.
PCHorvath1,pchorvath2013,reference_values,imputation_policy,True,vendor_mean,runtime_contract_review,Compare current package behavior and defaults separately from the original-author specification; method names alone are insufficient.
PCHorvath1,pchorvath2013,postprocess,output_transform,anti_log_linear,anti.trafo,runtime_contract_review,Compare current package behavior and defaults separately from the original-author specification; method names alone are insufficient.
PCHorvath1,pchorvath2013,unstructured covariates,covariates_required,,[],new_field_candidate,Upstream direct-only requirements may omit dependencies; resolve the transitive input graph.
PCHorvath1,pchorvath2013,unstructured batch dependence,batch_dependent,,False,new_field_candidate,"Describe pyaging cohort dependence, not the other package runtime flag."
PCHorvath2,pcskinandblood,tissue,tissues_derived,"[""skin"", ""whole blood"", ""cultured fibroblasts""]",fibroblasts; keratinocytes; buccal; endothelial cells; lymphoblastoid cells; skin; blood; saliva,definition_or_value_difference,Broad labels versus explicit source tissues can explain apparent differences.
PCHorvath2,pcskinandblood,platform,array_type_trained,"[""Illumina 450K"", ""Illumina EPIC""]",450K,definition_or_value_difference,"Training platform must be separated from compatibility, validation and feature-selection platforms."
PCHorvath2,pcskinandblood,model_type,training_algorithm,PCA + elastic net regression,PCA + elastic net,normalized_equal,
PCHorvath2,pcskinandblood,n_features,n_cpgs,78464,78464,equal,
PCHorvath2,pcskinandblood,doi,primary citation doi,https://doi.org/10.1038/s43587-022-00248-2,"[""10.1038/s43587-022-00248-2""]",normalized_equal,
PCHorvath2,pcskinandblood,year,primary citation year,2022,"[""2022""]",equal,
PCHorvath2,pcskinandblood,journal,primary citation journal,Nature Aging,"[""Nature aging""]",text_comparison_only,Journal abbreviations and author-name formatting are not scientific discrepancies.
PCHorvath2,pcskinandblood,last_author,primary citation last_author,Morgan E. Levine,"[""Levine, Morgan E""]",text_comparison_only,Journal abbreviations and author-name formatting are not scientific discrepancies.
PCHorvath2,pcskinandblood,notes,description,"Principal-component proxy of the skin-and-blood age clock, trained against the original Horvath2 score using skin, blood, and fibroblast datasets.","PCHorvath2 is a reliability-enhanced, principal-component reconstruction of the Horvath skin-and-blood chronological-age clock, using a PCA-based design to greatly improve test-retest reliability over the original CpG clock.",text_comparison_only,Independent descriptions; wording differences do not establish errors.
PCHorvath2,pcskinandblood,population,training age/cohort,all ages,"{""cohort_trained"": ""Skin and blood datasets (Horvath 2018 + substitutes; Supplementary Table 6)"", ""n_samples_trained"": ""895"", ""age_min_trained"": null, ""age_max_trained"": null, ""age_unit_trained"": ""years"", ""health_status_trained"": null, ""sex_distribution_trained"": null, ""ancestry_trained"": null}",different_granularity,These detailed training descriptors have no direct structured equivalent in pyaging.
PCHorvath2,pcskinandblood,preprocess,normalization,,none,runtime_contract_review,Compare current package behavior and defaults separately from the original-author specification; method names alone are insufficient.
PCHorvath2,pcskinandblood,reference_values,imputation_policy,True,vendor_mean,runtime_contract_review,Compare current package behavior and defaults separately from the original-author specification; method names alone are insufficient.
PCHorvath2,pcskinandblood,postprocess,output_transform,anti_log_linear,anti.trafo,runtime_contract_review,Compare current package behavior and defaults separately from the original-author specification; method names alone are insufficient.
PCHorvath2,pcskinandblood,unstructured covariates,covariates_required,,[],new_field_candidate,Upstream direct-only requirements may omit dependencies; resolve the transitive input graph.
PCHorvath2,pcskinandblood,unstructured batch dependence,batch_dependent,,False,new_field_candidate,"Describe pyaging cohort dependence, not the other package runtime flag."
PCLeptin,pcgrimageleptin,tissue,tissues_derived,"[""whole blood""]",blood,normalized_equal,
PCLeptin,pcgrimageleptin,platform,array_type_trained,"[""Illumina 450K""]",450K,normalized_equal,
PCLeptin,pcgrimageleptin,model_type,training_algorithm,PCA + elastic net regression,PCA + elastic net,normalized_equal,
PCLeptin,pcgrimageleptin,n_features,n_cpgs,78466,78464,definition_or_value_difference,"pyaging counts packaged model features; upstream counts scoring CpGs. Compare covariates, routed unions, normalization panels and effective nonzero columns."
PCLeptin,pcgrimageleptin,doi,primary citation doi,https://doi.org/10.1038/s43587-022-00248-2,"[""10.1038/s43587-022-00248-2""]",normalized_equal,
PCLeptin,pcgrimageleptin,year,primary citation year,2022,"[""2022""]",equal,
PCLeptin,pcgrimageleptin,journal,primary citation journal,Nature Aging,"[""Nature aging""]",text_comparison_only,Journal abbreviations and author-name formatting are not scientific discrepancies.
PCLeptin,pcgrimageleptin,last_author,primary citation last_author,Morgan E. Levine,"[""Levine, Morgan E""]",text_comparison_only,Journal abbreviations and author-name formatting are not scientific discrepancies.
PCLeptin,pcgrimageleptin,notes,description,"Standalone principal-component proxy trained to reproduce the original DNAm leptin score. Coefficients are composed exactly from the author PCA rotation and proxy regression. CpGs use the author GSE40279 reference. Sex (female=1, male=0) and chronological age must be supplied when selected by the original component regression; missing demographic inputs are rejected. Selected demographic inputs: female, age.","A reliability-enhanced, principal-component reconstruction of the GrimAge DNAm-Leptin surrogate, achieving near-perfect test-retest reliability (ICC 0.99-0.998).",text_comparison_only,Independent descriptions; wording differences do not establish errors.
PCLeptin,pcgrimageleptin,population,training age/cohort,adults,"{""cohort_trained"": ""Framingham Heart Study (FHS) Offspring Cohort"", ""n_samples_trained"": ""3935"", ""age_min_trained"": ""24"", ""age_max_trained"": ""92"", ""age_unit_trained"": ""years"", ""health_status_trained"": ""population-based"", ""sex_distribution_trained"": null, ""ancestry_trained"": null}",different_granularity,These detailed training descriptors have no direct structured equivalent in pyaging.
PCLeptin,pcgrimageleptin,preprocess,normalization,,none,runtime_contract_review,Compare current package behavior and defaults separately from the original-author specification; method names alone are insufficient.
PCLeptin,pcgrimageleptin,reference_values,imputation_policy,True,vendor_mean,runtime_contract_review,Compare current package behavior and defaults separately from the original-author specification; method names alone are insufficient.
PCLeptin,pcgrimageleptin,postprocess,output_transform,,identity,runtime_contract_review,Compare current package behavior and defaults separately from the original-author specification; method names alone are insufficient.
PCLeptin,pcgrimageleptin,unstructured covariates,covariates_required,,"[""Age"", ""Female""]",new_field_candidate,Upstream direct-only requirements may omit dependencies; resolve the transitive input graph.
PCLeptin,pcgrimageleptin,unstructured batch dependence,batch_dependent,,False,new_field_candidate,"Describe pyaging cohort dependence, not the other package runtime flag."
PCPACKYRS,pcgrimagepackyrs,tissue,tissues_derived,"[""whole blood""]",blood,normalized_equal,
PCPACKYRS,pcgrimagepackyrs,platform,array_type_trained,"[""Illumina 450K""]",450K,normalized_equal,
PCPACKYRS,pcgrimagepackyrs,model_type,training_algorithm,PCA + elastic net regression,PCA + elastic net,normalized_equal,
PCPACKYRS,pcgrimagepackyrs,n_features,n_cpgs,78466,78464,definition_or_value_difference,"pyaging counts packaged model features; upstream counts scoring CpGs. Compare covariates, routed unions, normalization panels and effective nonzero columns."
PCPACKYRS,pcgrimagepackyrs,doi,primary citation doi,https://doi.org/10.1038/s43587-022-00248-2,"[""10.1038/s43587-022-00248-2""]",normalized_equal,
PCPACKYRS,pcgrimagepackyrs,year,primary citation year,2022,"[""2022""]",equal,
PCPACKYRS,pcgrimagepackyrs,journal,primary citation journal,Nature Aging,"[""Nature aging""]",text_comparison_only,Journal abbreviations and author-name formatting are not scientific discrepancies.
PCPACKYRS,pcgrimagepackyrs,last_author,primary citation last_author,Morgan E. Levine,"[""Levine, Morgan E""]",text_comparison_only,Journal abbreviations and author-name formatting are not scientific discrepancies.
PCPACKYRS,pcgrimagepackyrs,notes,description,"Standalone principal-component proxy trained to reproduce the original DNAm smoking pack-years score. Coefficients are composed exactly from the author PCA rotation and proxy regression. CpGs use the author GSE40279 reference. Sex (female=1, male=0) and chronological age must be supplied when selected by the original component regression; missing demographic inputs are rejected. Selected demographic inputs: female, age.","A principal-component (reliability-enhanced) reconstruction of GrimAge's DNAm smoking pack-years surrogate, achieving near-perfect test-retest reliability (epigenetic-age ICC ~0.99).",text_comparison_only,Independent descriptions; wording differences do not establish errors.
PCPACKYRS,pcgrimagepackyrs,population,training age/cohort,adults,"{""cohort_trained"": ""Framingham Heart Study (FHS) Offspring Cohort"", ""n_samples_trained"": ""3935"", ""age_min_trained"": ""24"", ""age_max_trained"": ""92"", ""age_unit_trained"": ""years"", ""health_status_trained"": ""population-based"", ""sex_distribution_trained"": null, ""ancestry_trained"": null}",different_granularity,These detailed training descriptors have no direct structured equivalent in pyaging.
PCPACKYRS,pcgrimagepackyrs,preprocess,normalization,,none,runtime_contract_review,Compare current package behavior and defaults separately from the original-author specification; method names alone are insufficient.
PCPACKYRS,pcgrimagepackyrs,reference_values,imputation_policy,True,vendor_mean,runtime_contract_review,Compare current package behavior and defaults separately from the original-author specification; method names alone are insufficient.
PCPACKYRS,pcgrimagepackyrs,postprocess,output_transform,,identity,runtime_contract_review,Compare current package behavior and defaults separately from the original-author specification; method names alone are insufficient.
PCPACKYRS,pcgrimagepackyrs,unstructured covariates,covariates_required,,"[""Age"", ""Female""]",new_field_candidate,Upstream direct-only requirements may omit dependencies; resolve the transitive input graph.
PCPACKYRS,pcgrimagepackyrs,unstructured batch dependence,batch_dependent,,False,new_field_candidate,"Describe pyaging cohort dependence, not the other package runtime flag."
PCPAI1,pcgrimagepai1,tissue,tissues_derived,"[""whole blood""]",blood,normalized_equal,
PCPAI1,pcgrimagepai1,platform,array_type_trained,"[""Illumina 450K""]",450K,normalized_equal,
PCPAI1,pcgrimagepai1,model_type,training_algorithm,PCA + elastic net regression,PCA + elastic net,normalized_equal,
PCPAI1,pcgrimagepai1,n_features,n_cpgs,78465,78464,definition_or_value_difference,"pyaging counts packaged model features; upstream counts scoring CpGs. Compare covariates, routed unions, normalization panels and effective nonzero columns."
PCPAI1,pcgrimagepai1,doi,primary citation doi,https://doi.org/10.1038/s43587-022-00248-2,"[""10.1038/s43587-022-00248-2""]",normalized_equal,
PCPAI1,pcgrimagepai1,year,primary citation year,2022,"[""2022""]",equal,
PCPAI1,pcgrimagepai1,journal,primary citation journal,Nature Aging,"[""Nature aging""]",text_comparison_only,Journal abbreviations and author-name formatting are not scientific discrepancies.
PCPAI1,pcgrimagepai1,last_author,primary citation last_author,Morgan E. Levine,"[""Levine, Morgan E""]",text_comparison_only,Journal abbreviations and author-name formatting are not scientific discrepancies.
PCPAI1,pcgrimagepai1,notes,description,"Standalone principal-component proxy trained to reproduce the original DNAm PAI1 score. Coefficients are composed exactly from the author PCA rotation and proxy regression. CpGs use the author GSE40279 reference. Sex (female=1, male=0) and chronological age must be supplied when selected by the original component regression; missing demographic inputs are rejected. Selected demographic inputs: female.","A reliability-enhanced, principal-component DNA-methylation surrogate of the plasma protein PAI-1, one of the GrimAge protein components rebuilt via PCA in the Higgins-Chen 2022 PC clock family.",text_comparison_only,Independent descriptions; wording differences do not establish errors.
PCPAI1,pcgrimagepai1,population,training age/cohort,adults,"{""cohort_trained"": ""Framingham Heart Study (FHS) Offspring Cohort"", ""n_samples_trained"": ""3935"", ""age_min_trained"": ""24"", ""age_max_trained"": ""92"", ""age_unit_trained"": ""years"", ""health_status_trained"": ""population-based"", ""sex_distribution_trained"": null, ""ancestry_trained"": null}",different_granularity,These detailed training descriptors have no direct structured equivalent in pyaging.
PCPAI1,pcgrimagepai1,preprocess,normalization,,none,runtime_contract_review,Compare current package behavior and defaults separately from the original-author specification; method names alone are insufficient.
PCPAI1,pcgrimagepai1,reference_values,imputation_policy,True,vendor_mean,runtime_contract_review,Compare current package behavior and defaults separately from the original-author specification; method names alone are insufficient.
PCPAI1,pcgrimagepai1,postprocess,output_transform,,identity,runtime_contract_review,Compare current package behavior and defaults separately from the original-author specification; method names alone are insufficient.
PCPAI1,pcgrimagepai1,unstructured covariates,covariates_required,,"[""Female""]",new_field_candidate,Upstream direct-only requirements may omit dependencies; resolve the transitive input graph.
PCPAI1,pcgrimagepai1,unstructured batch dependence,batch_dependent,,False,new_field_candidate,"Describe pyaging cohort dependence, not the other package runtime flag."
PCPhenoAge,pcphenoage,tissue,tissues_derived,"[""whole blood""]",blood,normalized_equal,
PCPhenoAge,pcphenoage,platform,array_type_trained,"[""Illumina 450K"", ""Illumina EPIC""]",450K; EPICv1,normalized_equal,
PCPhenoAge,pcphenoage,model_type,training_algorithm,PCA + elastic net regression,PCA + elastic net,normalized_equal,
PCPhenoAge,pcphenoage,n_features,n_cpgs,78464,78464,equal,
PCPhenoAge,pcphenoage,doi,primary citation doi,https://doi.org/10.1038/s43587-022-00248-2,"[""10.1038/s43587-022-00248-2""]",normalized_equal,
PCPhenoAge,pcphenoage,year,primary citation year,2022,"[""2022""]",equal,
PCPhenoAge,pcphenoage,journal,primary citation journal,Nature Aging,"[""Nature aging""]",text_comparison_only,Journal abbreviations and author-name formatting are not scientific discrepancies.
PCPhenoAge,pcphenoage,last_author,primary citation last_author,Morgan E. Levine,"[""Levine, Morgan E""]",text_comparison_only,Journal abbreviations and author-name formatting are not scientific discrepancies.
PCPhenoAge,pcphenoage,notes,description,Principal-component DNAm PhenoAge model trained directly on phenotypic-age scores rather than as a proxy of the original CpG clock.,"A reliability-enhanced, principal-component reconstruction of the 2nd-generation PhenoAge clock, built to eliminate the technical noise of the original while preserving its phenotypic/mortality-linked signal.",text_comparison_only,Independent descriptions; wording differences do not establish errors.
PCPhenoAge,pcphenoage,population,training age/cohort,adults,"{""cohort_trained"": ""Health and Retirement Study (HRS); InCHIANTI"", ""n_samples_trained"": ""4505"", ""age_min_trained"": ""21"", ""age_max_trained"": ""100"", ""age_unit_trained"": ""years"", ""health_status_trained"": ""population-based"", ""sex_distribution_trained"": null, ""ancestry_trained"": null}",different_granularity,These detailed training descriptors have no direct structured equivalent in pyaging.
PCPhenoAge,pcphenoage,preprocess,normalization,,none,runtime_contract_review,Compare current package behavior and defaults separately from the original-author specification; method names alone are insufficient.
PCPhenoAge,pcphenoage,reference_values,imputation_policy,True,vendor_mean,runtime_contract_review,Compare current package behavior and defaults separately from the original-author specification; method names alone are insufficient.
PCPhenoAge,pcphenoage,postprocess,output_transform,,identity,runtime_contract_review,Compare current package behavior and defaults separately from the original-author specification; method names alone are insufficient.
PCPhenoAge,pcphenoage,unstructured covariates,covariates_required,,[],new_field_candidate,Upstream direct-only requirements may omit dependencies; resolve the transitive input graph.
PCPhenoAge,pcphenoage,unstructured batch dependence,batch_dependent,,False,new_field_candidate,"Describe pyaging cohort dependence, not the other package runtime flag."
PCTIMP1,pcgrimagetimp1,tissue,tissues_derived,"[""whole blood""]",blood,normalized_equal,
PCTIMP1,pcgrimagetimp1,platform,array_type_trained,"[""Illumina 450K""]",450K,normalized_equal,
PCTIMP1,pcgrimagetimp1,model_type,training_algorithm,PCA + elastic net regression,PCA + elastic net,normalized_equal,
PCTIMP1,pcgrimagetimp1,n_features,n_cpgs,78466,78464,definition_or_value_difference,"pyaging counts packaged model features; upstream counts scoring CpGs. Compare covariates, routed unions, normalization panels and effective nonzero columns."
PCTIMP1,pcgrimagetimp1,doi,primary citation doi,https://doi.org/10.1038/s43587-022-00248-2,"[""10.1038/s43587-022-00248-2""]",normalized_equal,
PCTIMP1,pcgrimagetimp1,year,primary citation year,2022,"[""2022""]",equal,
PCTIMP1,pcgrimagetimp1,journal,primary citation journal,Nature Aging,"[""Nature aging""]",text_comparison_only,Journal abbreviations and author-name formatting are not scientific discrepancies.
PCTIMP1,pcgrimagetimp1,last_author,primary citation last_author,Morgan E. Levine,"[""Levine, Morgan E""]",text_comparison_only,Journal abbreviations and author-name formatting are not scientific discrepancies.
PCTIMP1,pcgrimagetimp1,notes,description,"Standalone principal-component proxy trained to reproduce the original DNAm TIMP1 score. Coefficients are composed exactly from the author PCA rotation and proxy regression. CpGs use the author GSE40279 reference. Sex (female=1, male=0) and chronological age must be supplied when selected by the original component regression; missing demographic inputs are rejected. Selected demographic inputs: female, age.","PCTIMP1 is a reliability-enhanced, principal-component version of the GrimAge component surrogate for plasma Tissue Inhibitor of Metalloproteinases 1 (TIMP-1).",text_comparison_only,Independent descriptions; wording differences do not establish errors.
PCTIMP1,pcgrimagetimp1,population,training age/cohort,adults,"{""cohort_trained"": ""Framingham Heart Study (FHS) Offspring Cohort"", ""n_samples_trained"": ""3935"", ""age_min_trained"": ""24"", ""age_max_trained"": ""92"", ""age_unit_trained"": ""years"", ""health_status_trained"": ""population-based"", ""sex_distribution_trained"": null, ""ancestry_trained"": null}",different_granularity,These detailed training descriptors have no direct structured equivalent in pyaging.
PCTIMP1,pcgrimagetimp1,preprocess,normalization,,none,runtime_contract_review,Compare current package behavior and defaults separately from the original-author specification; method names alone are insufficient.
PCTIMP1,pcgrimagetimp1,reference_values,imputation_policy,True,vendor_mean,runtime_contract_review,Compare current package behavior and defaults separately from the original-author specification; method names alone are insufficient.
PCTIMP1,pcgrimagetimp1,postprocess,output_transform,,identity,runtime_contract_review,Compare current package behavior and defaults separately from the original-author specification; method names alone are insufficient.
PCTIMP1,pcgrimagetimp1,unstructured covariates,covariates_required,,"[""Age"", ""Female""]",new_field_candidate,Upstream direct-only requirements may omit dependencies; resolve the transitive input graph.
PCTIMP1,pcgrimagetimp1,unstructured batch dependence,batch_dependent,,False,new_field_candidate,"Describe pyaging cohort dependence, not the other package runtime flag."
PedBE,pedbe,tissue,tissues_derived,"[""buccal epithelium""]",buccal,definition_or_value_difference,Broad labels versus explicit source tissues can explain apparent differences.
PedBE,pedbe,platform,array_type_trained,"[""Illumina 450K"", ""Illumina EPIC""]",450K; EPICv1,normalized_equal,
PedBE,pedbe,model_type,training_algorithm,elastic net regression,elastic net,normalized_equal,
PedBE,pedbe,n_features,n_cpgs,94,94,equal,
PedBE,pedbe,doi,primary citation doi,https://doi.org/10.1073/pnas.1820843116,"[""10.1073/pnas.1820843116""]",normalized_equal,
PedBE,pedbe,year,primary citation year,2020,"[""2020""]",equal,
PedBE,pedbe,journal,primary citation journal,Proceedings of the National Academy of Sciences of the United States of America,"[""Proceedings of the National Academy of Sciences of the United States of America""]",text_comparison_only,Journal abbreviations and author-name formatting are not scientific discrepancies.
PedBE,pedbe,last_author,primary citation last_author,Michael S. Kobor,"[""Kobor, Michael S""]",text_comparison_only,Journal abbreviations and author-name formatting are not scientific discrepancies.
PedBE,pedbe,notes,description,Pediatric chronological-age estimator developed specifically for noninvasive buccal epithelial-cell samples.,"A pediatric chronological-age clock built specifically for buccal epithelial cells in children aged 0-20, offering noninvasive and highly precise age estimation (median error ~0.35 years) from just 94 CpGs.",text_comparison_only,Independent descriptions; wording differences do not establish errors.
PedBE,pedbe,population,training age/cohort,children and adolescents,"{""cohort_trained"": ""Multiple pediatric BEC cohorts (training datasets 1-7): APrON, C3ARE, GECKO, NDN, MAVAN I, PAWS, WSFW (GEO superseries GSE137503)"", ""n_samples_trained"": ""1032"", ""age_min_trained"": ""0"", ""age_max_trained"": ""20"", ""age_unit_trained"": ""years"", ""health_status_trained"": ""population-based"", ""sex_distribution_trained"": ""52% female"", ""ancestry_trained"": null}",different_granularity,These detailed training descriptors have no direct structured equivalent in pyaging.
PedBE,pedbe,preprocess,normalization,,none,runtime_contract_review,Compare current package behavior and defaults separately from the original-author specification; method names alone are insufficient.
PedBE,pedbe,reference_values,imputation_policy,,omit,runtime_contract_review,Compare current package behavior and defaults separately from the original-author specification; method names alone are insufficient.
PedBE,pedbe,postprocess,output_transform,anti_log_linear,anti.trafo,runtime_contract_review,Compare current package behavior and defaults separately from the original-author specification; method names alone are insufficient.
PedBE,pedbe,unstructured covariates,covariates_required,,[],new_field_candidate,Upstream direct-only requirements may omit dependencies; resolve the transitive input graph.
PedBE,pedbe,unstructured batch dependence,batch_dependent,,False,new_field_candidate,"Describe pyaging cohort dependence, not the other package runtime flag."
PhenoAge,dnamphenoage,tissue,tissues_derived,"[""whole blood""]",blood,normalized_equal,
PhenoAge,dnamphenoage,platform,array_type_trained,"[""Illumina 450K""]",450K,normalized_equal,
PhenoAge,dnamphenoage,model_type,training_algorithm,elastic net regression,elastic net,normalized_equal,
PhenoAge,dnamphenoage,n_features,n_cpgs,513,513,equal,
PhenoAge,dnamphenoage,doi,primary citation doi,https://doi.org/10.18632/aging.101414,"[""10.18632/aging.101414""]",normalized_equal,
PhenoAge,dnamphenoage,year,primary citation year,2018,"[""2018""]",equal,
PhenoAge,dnamphenoage,journal,primary citation journal,Aging,"[""Aging""]",text_comparison_only,Journal abbreviations and author-name formatting are not scientific discrepancies.
PhenoAge,dnamphenoage,last_author,primary citation last_author,Steve Horvath,"[""Horvath, Steve""]",text_comparison_only,Journal abbreviations and author-name formatting are not scientific discrepancies.
PhenoAge,dnamphenoage,notes,description,"Blood DNA-methylation estimator trained by elastic net on 513 CpGs common to the 27K, 450K and EPIC arrays to reproduce a mortality-derived clinical Phenotypic Age. The parent DNAmPhenoAge coefficients were fitted on InCHIANTI 450K whole-blood data; the selected sites also occur on 27K and EPIC arrays.","PhenoAge is a landmark second-generation clock that predicts a mortality- and morbidity-weighted 'phenotypic age' rather than chronological age, built via a distinctive two-step design that first distills a Gompertz mortality-risk phenotype from clinical biomarkers and then models it from blood methylation.",text_comparison_only,Independent descriptions; wording differences do not establish errors.
PhenoAge,dnamphenoage,population,training age/cohort,adults,"{""cohort_trained"": ""InCHIANTI"", ""n_samples_trained"": ""456"", ""age_min_trained"": ""30"", ""age_max_trained"": ""100"", ""age_unit_trained"": ""years"", ""health_status_trained"": ""population-based"", ""sex_distribution_trained"": ""54.9% female"", ""ancestry_trained"": ""European""}",different_granularity,These detailed training descriptors have no direct structured equivalent in pyaging.
PhenoAge,dnamphenoage,preprocess,normalization,,none,runtime_contract_review,Compare current package behavior and defaults separately from the original-author specification; method names alone are insufficient.
PhenoAge,dnamphenoage,reference_values,imputation_policy,,omit,runtime_contract_review,Compare current package behavior and defaults separately from the original-author specification; method names alone are insufficient.
PhenoAge,dnamphenoage,postprocess,output_transform,,identity,runtime_contract_review,Compare current package behavior and defaults separately from the original-author specification; method names alone are insufficient.
PhenoAge,dnamphenoage,unstructured covariates,covariates_required,,[],new_field_candidate,Upstream direct-only requirements may omit dependencies; resolve the transitive input graph.
PhenoAge,dnamphenoage,unstructured batch dependence,batch_dependent,,False,new_field_candidate,"Describe pyaging cohort dependence, not the other package runtime flag."
RepliTali,replitali,tissue,tissues_derived,"[""cultured primary human cells""]",fibroblasts; endothelial cells; smooth muscle; keratinocytes,definition_or_value_difference,Broad labels versus explicit source tissues can explain apparent differences.
RepliTali,replitali,platform,array_type_trained,"[""Illumina EPIC""]",EPICv1,normalized_equal,
RepliTali,replitali,model_type,training_algorithm,elastic net regression,elastic net,normalized_equal,
RepliTali,replitali,n_features,n_cpgs,87,87,equal,
RepliTali,replitali,doi,primary citation doi,https://doi.org/10.1038/s41467-022-34268-8,"[""10.1038/s41467-022-34268-8""]",normalized_equal,
RepliTali,replitali,year,primary citation year,2022,"[""2022""]",equal,
RepliTali,replitali,journal,primary citation journal,Nature Communications,"[""Nature communications""]",text_comparison_only,Journal abbreviations and author-name formatting are not scientific discrepancies.
RepliTali,replitali,last_author,primary citation last_author,Peter W. Laird,"[""Laird, Peter W""]",text_comparison_only,Journal abbreviations and author-name formatting are not scientific discrepancies.
RepliTali,replitali,notes,description,Final RepliTali model estimating relative cumulative replicative history from methylation in common partially methylated domains; it was fitted to normalized population doublings across serially cultured primary human cells.,An EPIC-array mitotic clock (Replication Times Accumulated in Lifetime) trained on serially passaged primary human cells to estimate cumulative replicative history from 87 partially-methylated-domain CpGs.,text_comparison_only,Independent descriptions; wording differences do not establish errors.
RepliTali,replitali,population,training age/cohort,human cell cultures,"{""cohort_trained"": ""NIA Aging Cell Culture Repository"", ""n_samples_trained"": ""122"", ""age_min_trained"": ""0"", ""age_max_trained"": ""31"", ""age_unit_trained"": ""years"", ""health_status_trained"": ""population-based"", ""sex_distribution_trained"": ""14.3% female"", ""ancestry_trained"": null}",different_granularity,These detailed training descriptors have no direct structured equivalent in pyaging.
RepliTali,replitali,preprocess,normalization,,none,runtime_contract_review,Compare current package behavior and defaults separately from the original-author specification; method names alone are insufficient.
RepliTali,replitali,reference_values,imputation_policy,,omit,runtime_contract_review,Compare current package behavior and defaults separately from the original-author specification; method names alone are insufficient.
RepliTali,replitali,postprocess,output_transform,,identity,runtime_contract_review,Compare current package behavior and defaults separately from the original-author specification; method names alone are insufficient.
RepliTali,replitali,unstructured covariates,covariates_required,,[],new_field_candidate,Upstream direct-only requirements may omit dependencies; resolve the transitive input graph.
RepliTali,replitali,unstructured batch dependence,batch_dependent,,False,new_field_candidate,"Describe pyaging cohort dependence, not the other package runtime flag."
RepliTaliNorm,replitalinorm,tissue,tissues_derived,"[""cultured fibroblasts""]",fibroblasts,definition_or_value_difference,Broad labels versus explicit source tissues can explain apparent differences.
RepliTaliNorm,replitalinorm,platform,array_type_trained,"[""Illumina EPIC""]",EPICv1,normalized_equal,
RepliTaliNorm,replitalinorm,model_type,training_algorithm,elastic net regression,elastic net,normalized_equal,
RepliTaliNorm,replitalinorm,n_features,n_cpgs,218,218,equal,
RepliTaliNorm,replitalinorm,doi,primary citation doi,https://doi.org/10.1038/s41467-022-34268-8,"[""10.1038/s41467-022-34268-8""]",normalized_equal,
RepliTaliNorm,replitalinorm,year,primary citation year,2022,"[""2022""]",equal,
RepliTaliNorm,replitalinorm,journal,primary citation journal,Nature Communications,"[""Nature communications""]",text_comparison_only,Journal abbreviations and author-name formatting are not scientific discrepancies.
RepliTaliNorm,replitalinorm,last_author,primary citation last_author,Peter W. Laird,"[""Laird, Peter W""]",text_comparison_only,Journal abbreviations and author-name formatting are not scientific discrepancies.
RepliTaliNorm,replitalinorm,notes,description,Upstream starting-PD normalization model used during RepliTali construction. It was trained only in the chronologically youngest fetal skin fibroblast line (AG06561) to estimate the unobserved pre-culture replicative-history offset; it is not the final 87-CpG RepliTali model.,"The internal PD-normalization elastic-net model of RepliTali, a mitotic model trained on a single fetal skin fibroblast line (AG06561) to calibrate starting replicative history across cell lines before the final RepliTali is built.",text_comparison_only,Independent descriptions; wording differences do not establish errors.
RepliTaliNorm,replitalinorm,population,training age/cohort,human cell cultures,"{""cohort_trained"": ""NIA Aging Cell Culture Repository"", ""n_samples_trained"": null, ""age_min_trained"": ""16"", ""age_max_trained"": ""16"", ""age_unit_trained"": ""weeks_gestation"", ""health_status_trained"": ""population-based"", ""sex_distribution_trained"": ""100% female"", ""ancestry_trained"": null}",different_granularity,These detailed training descriptors have no direct structured equivalent in pyaging.
RepliTaliNorm,replitalinorm,preprocess,normalization,,none,runtime_contract_review,Compare current package behavior and defaults separately from the original-author specification; method names alone are insufficient.
RepliTaliNorm,replitalinorm,reference_values,imputation_policy,,omit,runtime_contract_review,Compare current package behavior and defaults separately from the original-author specification; method names alone are insufficient.
RepliTaliNorm,replitalinorm,postprocess,output_transform,,identity,runtime_contract_review,Compare current package behavior and defaults separately from the original-author specification; method names alone are insufficient.
RepliTaliNorm,replitalinorm,unstructured covariates,covariates_required,,[],new_field_candidate,Upstream direct-only requirements may omit dependencies; resolve the transitive input graph.
RepliTaliNorm,replitalinorm,unstructured batch dependence,batch_dependent,,False,new_field_candidate,"Describe pyaging cohort dependence, not the other package runtime flag."
Retroelement_AgeV1,retroelementagev1,tissue,tissues_derived,"[""whole blood""]",blood,normalized_equal,
Retroelement_AgeV1,retroelementagev1,platform,array_type_trained,"[""Illumina EPIC""]",EPICv1,normalized_equal,
Retroelement_AgeV1,retroelementagev1,model_type,training_algorithm,elastic net regression,elastic net,normalized_equal,
Retroelement_AgeV1,retroelementagev1,n_features,n_cpgs,1317,1317,equal,
Retroelement_AgeV1,retroelementagev1,doi,primary citation doi,https://doi.org/10.1111/acel.14288,"[""10.1101/2023.12.06.570422""]",publication_difference,
Retroelement_AgeV1,retroelementagev1,year,primary citation year,2024,"[""2023""]",publication_difference,
Retroelement_AgeV1,retroelementagev1,journal,primary citation journal,Aging Cell,"[""bioRxiv""]",text_comparison_only,Journal abbreviations and author-name formatting are not scientific discrepancies.
Retroelement_AgeV1,retroelementagev1,last_author,primary citation last_author,Michael J. Corley,"[""Corley, Michael J""]",text_comparison_only,Journal abbreviations and author-name formatting are not scientific discrepancies.
Retroelement_AgeV1,retroelementagev1,notes,description,"Whole-blood Retroelement-Age V1, trained by 10-fold-cross-validated elastic net on EPIC v1.0 CpGs annotated to HERV and active LINE elements.","A chronological-age clock built exclusively from 1317 CpGs within HERV and LINE-1 retroelements, a retroelement-focused design trained on the large commercial TruDiagnostic Biobank.",text_comparison_only,Independent descriptions; wording differences do not establish errors.
Retroelement_AgeV1,retroelementagev1,population,training age/cohort,all ages,"{""cohort_trained"": ""TruDiagnostic BioBank"", ""n_samples_trained"": ""10138"", ""age_min_trained"": ""12"", ""age_max_trained"": ""100"", ""age_unit_trained"": ""years"", ""health_status_trained"": ""population-based"", ""sex_distribution_trained"": ""41% female"", ""ancestry_trained"": null}",different_granularity,These detailed training descriptors have no direct structured equivalent in pyaging.
Retroelement_AgeV1,retroelementagev1,preprocess,normalization,,none,runtime_contract_review,Compare current package behavior and defaults separately from the original-author specification; method names alone are insufficient.
Retroelement_AgeV1,retroelementagev1,reference_values,imputation_policy,,omit,runtime_contract_review,Compare current package behavior and defaults separately from the original-author specification; method names alone are insufficient.
Retroelement_AgeV1,retroelementagev1,postprocess,output_transform,,identity,runtime_contract_review,Compare current package behavior and defaults separately from the original-author specification; method names alone are insufficient.
Retroelement_AgeV1,retroelementagev1,unstructured covariates,covariates_required,,[],new_field_candidate,Upstream direct-only requirements may omit dependencies; resolve the transitive input graph.
Retroelement_AgeV1,retroelementagev1,unstructured batch dependence,batch_dependent,,False,new_field_candidate,"Describe pyaging cohort dependence, not the other package runtime flag."
Retroelement_AgeV2,retroelementagev2,tissue,tissues_derived,"[""whole blood""]",blood,normalized_equal,
Retroelement_AgeV2,retroelementagev2,platform,array_type_trained,"[""Illumina EPIC""]",EPICv1,normalized_equal,
Retroelement_AgeV2,retroelementagev2,model_type,training_algorithm,elastic net regression,elastic net,normalized_equal,
Retroelement_AgeV2,retroelementagev2,n_features,n_cpgs,1378,1378,equal,
Retroelement_AgeV2,retroelementagev2,doi,primary citation doi,https://doi.org/10.1111/acel.14288,"[""10.1101/2023.12.06.570422""]",publication_difference,
Retroelement_AgeV2,retroelementagev2,year,primary citation year,2024,"[""2023""]",publication_difference,
Retroelement_AgeV2,retroelementagev2,journal,primary citation journal,Aging Cell,"[""bioRxiv""]",text_comparison_only,Journal abbreviations and author-name formatting are not scientific discrepancies.
Retroelement_AgeV2,retroelementagev2,last_author,primary citation last_author,Michael J. Corley,"[""Corley, Michael J""]",text_comparison_only,Journal abbreviations and author-name formatting are not scientific discrepancies.
Retroelement_AgeV2,retroelementagev2,notes,description,Composite Retroelement-Age V2 extends the retroelement annotation to CpGs compatible across EPIC v1.0 and v2.0 and was trained by 10-fold-cross-validated elastic net.,"The most accurate of the retroelement age clocks, a chronological-age predictor built entirely from HERV and LINE-1 retroelement CpGs and made compatible with the newer MethylationEPIC v2.0 array.",text_comparison_only,Independent descriptions; wording differences do not establish errors.
Retroelement_AgeV2,retroelementagev2,population,training age/cohort,all ages,"{""cohort_trained"": ""TruDiagnostic BioBank"", ""n_samples_trained"": ""10138"", ""age_min_trained"": ""12"", ""age_max_trained"": ""100"", ""age_unit_trained"": ""years"", ""health_status_trained"": ""population-based"", ""sex_distribution_trained"": ""41% female"", ""ancestry_trained"": null}",different_granularity,These detailed training descriptors have no direct structured equivalent in pyaging.
Retroelement_AgeV2,retroelementagev2,preprocess,normalization,,none,runtime_contract_review,Compare current package behavior and defaults separately from the original-author specification; method names alone are insufficient.
Retroelement_AgeV2,retroelementagev2,reference_values,imputation_policy,,omit,runtime_contract_review,Compare current package behavior and defaults separately from the original-author specification; method names alone are insufficient.
Retroelement_AgeV2,retroelementagev2,postprocess,output_transform,,identity,runtime_contract_review,Compare current package behavior and defaults separately from the original-author specification; method names alone are insufficient.
Retroelement_AgeV2,retroelementagev2,unstructured covariates,covariates_required,,[],new_field_candidate,Upstream direct-only requirements may omit dependencies; resolve the transitive input graph.
Retroelement_AgeV2,retroelementagev2,unstructured batch dependence,batch_dependent,,False,new_field_candidate,"Describe pyaging cohort dependence, not the other package runtime flag."
SenChronoAge,senchronoage,tissue,tissues_derived,"[""whole blood""]",blood,normalized_equal,
SenChronoAge,senchronoage,platform,array_type_trained,"[""Illumina 450K"", ""Illumina EPIC""]",450K,definition_or_value_difference,"Training platform must be separated from compatibility, validation and feature-selection platforms."
SenChronoAge,senchronoage,model_type,training_algorithm,elastic net regression,elastic net,normalized_equal,
SenChronoAge,senchronoage,n_features,n_cpgs,187,187,equal,
SenChronoAge,senchronoage,doi,primary citation doi,https://doi.org/10.1111/acel.70430,"[""10.1111/acel.70430""]",normalized_equal,
SenChronoAge,senchronoage,year,primary citation year,2026,"[""2026""]",equal,
SenChronoAge,senchronoage,journal,primary citation journal,Aging Cell,"[""Aging cell""]",text_comparison_only,Journal abbreviations and author-name formatting are not scientific discrepancies.
SenChronoAge,senchronoage,last_author,primary citation last_author,Albert T. Higgins-Chen,"[""Higgins-Chen, Albert T""]",text_comparison_only,Journal abbreviations and author-name formatting are not scientific discrepancies.
SenChronoAge,senchronoage,notes,description,"Senescence-enriched chronological-age predictor restricted to CpGs whose directions were concordant across in-vitro senescence, age and mortality analyses.","SenChronoAge is a senescence-enriched chronological-age clock built from about 188 CpGs pre-filtered to be jointly associated with cellular senescence, age, and mortality.",text_comparison_only,Independent descriptions; wording differences do not establish errors.
SenChronoAge,senchronoage,population,training age/cohort,adults,"{""cohort_trained"": ""UCSD and WCH (GSE40279)"", ""n_samples_trained"": ""656"", ""age_min_trained"": ""19"", ""age_max_trained"": ""101"", ""age_unit_trained"": ""years"", ""health_status_trained"": ""population-based"", ""sex_distribution_trained"": ""51.5% female"", ""ancestry_trained"": ""European (n=426); Hispanic/Latino (n=230)""}",different_granularity,These detailed training descriptors have no direct structured equivalent in pyaging.
SenChronoAge,senchronoage,preprocess,normalization,,none,runtime_contract_review,Compare current package behavior and defaults separately from the original-author specification; method names alone are insufficient.
SenChronoAge,senchronoage,reference_values,imputation_policy,,omit,runtime_contract_review,Compare current package behavior and defaults separately from the original-author specification; method names alone are insufficient.
SenChronoAge,senchronoage,postprocess,output_transform,,identity,runtime_contract_review,Compare current package behavior and defaults separately from the original-author specification; method names alone are insufficient.
SenChronoAge,senchronoage,unstructured covariates,covariates_required,,[],new_field_candidate,Upstream direct-only requirements may omit dependencies; resolve the transitive input graph.
SenChronoAge,senchronoage,unstructured batch dependence,batch_dependent,,False,new_field_candidate,"Describe pyaging cohort dependence, not the other package runtime flag."
SenCultureAge,sencultureage,tissue,tissues_derived,"[""cultured fibroblasts"", ""cultured mesenchymal stromal cells""]",fibroblasts; mesenchymal stem cells,definition_or_value_difference,Broad labels versus explicit source tissues can explain apparent differences.
SenCultureAge,sencultureage,platform,array_type_trained,"[""Illumina 450K"", ""Illumina EPIC""]",EPICv1,definition_or_value_difference,"Training platform must be separated from compatibility, validation and feature-selection platforms."
SenCultureAge,sencultureage,model_type,training_algorithm,elastic net logistic regression,elastic net,definition_or_value_difference,Compare fitting algorithm with serialized/algebraically folded implementation.
SenCultureAge,sencultureage,n_features,n_cpgs,142,142,equal,
SenCultureAge,sencultureage,doi,primary citation doi,https://doi.org/10.1111/acel.70430,"[""10.1111/acel.70430""]",normalized_equal,
SenCultureAge,sencultureage,year,primary citation year,2026,"[""2026""]",equal,
SenCultureAge,sencultureage,journal,primary citation journal,Aging Cell,"[""Aging cell""]",text_comparison_only,Journal abbreviations and author-name formatting are not scientific discrepancies.
SenCultureAge,sencultureage,last_author,primary citation last_author,Albert T. Higgins-Chen,"[""Higgins-Chen, Albert T""]",text_comparison_only,Journal abbreviations and author-name formatting are not scientific discrepancies.
SenCultureAge,sencultureage,notes,description,"Binomial elastic-net classifier of in-vitro cellular senescence, trained after ComBat correction on pooled human fibroblast and mesenchymal-stromal-cell datasets and restricted to direction-concordant senescence/age/mortality CpGs.","SenCultureAge is a binary DNA methylation classifier of in vitro cellular senescence, trained entirely on cultured fibroblasts and mesenchymal stem cells to distinguish senescent from control cells rather than to estimate any chronological age.",text_comparison_only,Independent descriptions; wording differences do not establish errors.
SenCultureAge,sencultureage,population,training age/cohort,human cell cultures,"{""cohort_trained"": ""In vitro senescence datasets (GSE197723; GSE227160)"", ""n_samples_trained"": ""233"", ""age_min_trained"": null, ""age_max_trained"": null, ""age_unit_trained"": null, ""health_status_trained"": null, ""sex_distribution_trained"": null, ""ancestry_trained"": null}",different_granularity,These detailed training descriptors have no direct structured equivalent in pyaging.
SenCultureAge,sencultureage,preprocess,normalization,,none,runtime_contract_review,Compare current package behavior and defaults separately from the original-author specification; method names alone are insufficient.
SenCultureAge,sencultureage,reference_values,imputation_policy,,omit,runtime_contract_review,Compare current package behavior and defaults separately from the original-author specification; method names alone are insufficient.
SenCultureAge,sencultureage,postprocess,output_transform,,identity,runtime_contract_review,Compare current package behavior and defaults separately from the original-author specification; method names alone are insufficient.
SenCultureAge,sencultureage,unstructured covariates,covariates_required,,[],new_field_candidate,Upstream direct-only requirements may omit dependencies; resolve the transitive input graph.
SenCultureAge,sencultureage,unstructured batch dependence,batch_dependent,,False,new_field_candidate,"Describe pyaging cohort dependence, not the other package runtime flag."
SenMortalityAge,senmortalityage,tissue,tissues_derived,"[""whole blood""]",blood,normalized_equal,
SenMortalityAge,senmortalityage,platform,array_type_trained,"[""Illumina 450K"", ""Illumina EPIC""]",450K,definition_or_value_difference,"Training platform must be separated from compatibility, validation and feature-selection platforms."
SenMortalityAge,senmortalityage,model_type,training_algorithm,elastic net Cox regression,elastic net,definition_or_value_difference,Compare fitting algorithm with serialized/algebraically folded implementation.
SenMortalityAge,senmortalityage,n_features,n_cpgs,91,91,equal,
SenMortalityAge,senmortalityage,doi,primary citation doi,https://doi.org/10.1111/acel.70430,"[""10.1111/acel.70430""]",normalized_equal,
SenMortalityAge,senmortalityage,year,primary citation year,2026,"[""2026""]",equal,
SenMortalityAge,senmortalityage,journal,primary citation journal,Aging Cell,"[""Aging cell""]",text_comparison_only,Journal abbreviations and author-name formatting are not scientific discrepancies.
SenMortalityAge,senmortalityage,last_author,primary citation last_author,Albert T. Higgins-Chen,"[""Higgins-Chen, Albert T""]",text_comparison_only,Journal abbreviations and author-name formatting are not scientific discrepancies.
SenMortalityAge,senmortalityage,notes,description,"Senescence-enriched elastic-net Cox predictor of mortality, restricted to direction-concordant senescence/age/mortality CpGs and trained in the Framingham Heart Study.","A second-generation blood mortality-risk clock built from a senescence-enriched CpG subset, distinctive for being explicitly designed around cellular-senescence signal yet found unresponsive to senolytic treatment.",text_comparison_only,Independent descriptions; wording differences do not establish errors.
SenMortalityAge,senmortalityage,population,training age/cohort,adults,"{""cohort_trained"": ""Framingham Heart Study (FHS) Offspring Cohort"", ""n_samples_trained"": null, ""age_min_trained"": ""24"", ""age_max_trained"": ""92"", ""age_unit_trained"": ""years"", ""health_status_trained"": ""population-based"", ""sex_distribution_trained"": null, ""ancestry_trained"": null}",different_granularity,These detailed training descriptors have no direct structured equivalent in pyaging.
SenMortalityAge,senmortalityage,preprocess,normalization,,none,runtime_contract_review,Compare current package behavior and defaults separately from the original-author specification; method names alone are insufficient.
SenMortalityAge,senmortalityage,reference_values,imputation_policy,,omit,runtime_contract_review,Compare current package behavior and defaults separately from the original-author specification; method names alone are insufficient.
SenMortalityAge,senmortalityage,postprocess,output_transform,,identity,runtime_contract_review,Compare current package behavior and defaults separately from the original-author specification; method names alone are insufficient.
SenMortalityAge,senmortalityage,unstructured covariates,covariates_required,,[],new_field_candidate,Upstream direct-only requirements may omit dependencies; resolve the transitive input graph.
SenMortalityAge,senmortalityage,unstructured batch dependence,batch_dependent,,False,new_field_candidate,"Describe pyaging cohort dependence, not the other package runtime flag."
SmokingMcCartney,mccartneysmoking,tissue,tissues_derived,"[""whole blood""]",blood,normalized_equal,
SmokingMcCartney,mccartneysmoking,platform,array_type_trained,"[""Illumina EPIC""]",450K; EPICv1,definition_or_value_difference,"Training platform must be separated from compatibility, validation and feature-selection platforms."
SmokingMcCartney,mccartneysmoking,model_type,training_algorithm,LASSO regression,LASSO,normalized_equal,
SmokingMcCartney,mccartneysmoking,n_features,n_cpgs,233,233,equal,
SmokingMcCartney,mccartneysmoking,doi,primary citation doi,https://doi.org/10.1186/s13059-018-1514-1,"[""10.1186/s13059-018-1514-1""]",normalized_equal,
SmokingMcCartney,mccartneysmoking,year,primary citation year,2018,"[""2018""]",equal,
SmokingMcCartney,mccartneysmoking,journal,primary citation journal,Genome Biology,"[""Genome biology""]",text_comparison_only,Journal abbreviations and author-name formatting are not scientific discrepancies.
SmokingMcCartney,mccartneysmoking,last_author,primary citation last_author,Riccardo E. Marioni,"[""Marioni, Riccardo E""]",text_comparison_only,Journal abbreviations and author-name formatting are not scientific discrepancies.
SmokingMcCartney,mccartneysmoking,notes,description,"Whole-blood DNAm LASSO score trained on log(smoking pack-years + 1), residualized for age, sex and ten genetic principal components. The returned linear score remains on that adjusted natural-log scale; it is not an absolute exposure in physical units. Evaluated out of sample in LBC1936.","SmokingMcCartney is a whole-blood DNA-methylation surrogate for smoking pack-years and the single strongest-performing predictor in the McCartney 2018 EpiScore panel, explaining over 60% of smoking variance and strongly predicting all-cause mortality.",text_comparison_only,Independent descriptions; wording differences do not establish errors.
SmokingMcCartney,mccartneysmoking,population,training age/cohort,adults,"{""cohort_trained"": ""Generation Scotland: The Scottish Family Health Study (GS)"", ""n_samples_trained"": ""3444"", ""age_min_trained"": ""18"", ""age_max_trained"": ""99"", ""age_unit_trained"": ""years"", ""health_status_trained"": ""population-based"", ""sex_distribution_trained"": ""61.5% female"", ""ancestry_trained"": ""European""}",different_granularity,These detailed training descriptors have no direct structured equivalent in pyaging.
SmokingMcCartney,mccartneysmoking,preprocess,normalization,,none,runtime_contract_review,Compare current package behavior and defaults separately from the original-author specification; method names alone are insufficient.
SmokingMcCartney,mccartneysmoking,reference_values,imputation_policy,,omit,runtime_contract_review,Compare current package behavior and defaults separately from the original-author specification; method names alone are insufficient.
SmokingMcCartney,mccartneysmoking,postprocess,output_transform,,identity,runtime_contract_review,Compare current package behavior and defaults separately from the original-author specification; method names alone are insufficient.
SmokingMcCartney,mccartneysmoking,unstructured covariates,covariates_required,,[],new_field_candidate,Upstream direct-only requirements may omit dependencies; resolve the transitive input graph.
SmokingMcCartney,mccartneysmoking,unstructured batch dependence,batch_dependent,,False,new_field_candidate,"Describe pyaging cohort dependence, not the other package runtime flag."
StocH,stoch,tissue,tissues_derived,"[""sorted monocytes""]",blood,definition_or_value_difference,Broad labels versus explicit source tissues can explain apparent differences.
StocH,stoch,platform,array_type_trained,"[""Illumina 450K""]",450K; EPICv1,definition_or_value_difference,"Training platform must be separated from compatibility, validation and feature-selection platforms."
StocH,stoch,model_type,training_algorithm,elastic net regression,elastic net,normalized_equal,
StocH,stoch,n_features,n_cpgs,353,353,equal,
StocH,stoch,doi,primary citation doi,https://doi.org/10.1038/s43587-024-00600-8,"[""10.1038/s43587-024-00600-8""]",normalized_equal,
StocH,stoch,year,primary citation year,2024,"[""2024""]",equal,
StocH,stoch,journal,primary citation journal,Nature Aging,"[""Nature aging""]",text_comparison_only,Journal abbreviations and author-name formatting are not scientific discrepancies.
StocH,stoch,last_author,primary citation last_author,Andrew E. Teschendorff,"[""Teschendorff, Andrew E""]",text_comparison_only,Journal abbreviations and author-name formatting are not scientific discrepancies.
StocH,stoch,notes,description,"Stochastic chronological-age clock built from simulated methylation trajectories at the Horvath clock CpGs; it is a stochastic counterpart, not the original Horvath clock.","A stochastic re-build of Horvath's 353-CpG clock trained entirely on simulated DNAm data, designed to quantify how much of the original clock's accuracy is explained by a pure stochastic accumulation process.",text_comparison_only,Independent descriptions; wording differences do not establish errors.
StocH,stoch,population,training age/cohort,adults,"{""cohort_trained"": ""Simulated dataset (artificial cohort; effect sizes from MESA sorted monocytes, n=1,202)"", ""n_samples_trained"": ""195"", ""age_min_trained"": ""45"", ""age_max_trained"": ""83"", ""age_unit_trained"": ""years"", ""health_status_trained"": ""population-based"", ""sex_distribution_trained"": null, ""ancestry_trained"": null}",different_granularity,These detailed training descriptors have no direct structured equivalent in pyaging.
StocH,stoch,preprocess,normalization,,none,runtime_contract_review,Compare current package behavior and defaults separately from the original-author specification; method names alone are insufficient.
StocH,stoch,reference_values,imputation_policy,,omit,runtime_contract_review,Compare current package behavior and defaults separately from the original-author specification; method names alone are insufficient.
StocH,stoch,postprocess,output_transform,,identity,runtime_contract_review,Compare current package behavior and defaults separately from the original-author specification; method names alone are insufficient.
StocH,stoch,unstructured covariates,covariates_required,,[],new_field_candidate,Upstream direct-only requirements may omit dependencies; resolve the transitive input graph.
StocH,stoch,unstructured batch dependence,batch_dependent,,False,new_field_candidate,"Describe pyaging cohort dependence, not the other package runtime flag."
StocP,stocp,tissue,tissues_derived,"[""sorted monocytes""]",blood,definition_or_value_difference,Broad labels versus explicit source tissues can explain apparent differences.
StocP,stocp,platform,array_type_trained,"[""Illumina 450K""]",450K; EPICv1,definition_or_value_difference,"Training platform must be separated from compatibility, validation and feature-selection platforms."
StocP,stocp,model_type,training_algorithm,elastic net regression,elastic net,normalized_equal,
StocP,stocp,n_features,n_cpgs,513,513,equal,
StocP,stocp,doi,primary citation doi,https://doi.org/10.1038/s43587-024-00600-8,"[""10.1038/s43587-024-00600-8""]",normalized_equal,
StocP,stocp,year,primary citation year,2024,"[""2024""]",equal,
StocP,stocp,journal,primary citation journal,Nature Aging,"[""Nature aging""]",text_comparison_only,Journal abbreviations and author-name formatting are not scientific discrepancies.
StocP,stocp,last_author,primary citation last_author,Andrew E. Teschendorff,"[""Teschendorff, Andrew E""]",text_comparison_only,Journal abbreviations and author-name formatting are not scientific discrepancies.
StocP,stocp,notes,description,"Stochastic chronological-age clock built from simulated methylation trajectories at PhenoAge CpGs; despite its CpG source, its fitted outcome and returned construct are chronological age, not PhenoAge.","A stochastic re-build of Levine's 513-CpG PhenoAge clock trained entirely on simulated DNAm data, constructed to demonstrate that PhenoAge carries the largest nonstochastic (biological) signal among the tested clocks.",text_comparison_only,Independent descriptions; wording differences do not establish errors.
StocP,stocp,population,training age/cohort,adults,"{""cohort_trained"": ""Simulated dataset (artificial cohort; effect sizes from MESA sorted monocytes, n=1,202)"", ""n_samples_trained"": ""195"", ""age_min_trained"": ""45"", ""age_max_trained"": ""83"", ""age_unit_trained"": ""years"", ""health_status_trained"": ""population-based"", ""sex_distribution_trained"": null, ""ancestry_trained"": null}",different_granularity,These detailed training descriptors have no direct structured equivalent in pyaging.
StocP,stocp,preprocess,normalization,,none,runtime_contract_review,Compare current package behavior and defaults separately from the original-author specification; method names alone are insufficient.
StocP,stocp,reference_values,imputation_policy,,omit,runtime_contract_review,Compare current package behavior and defaults separately from the original-author specification; method names alone are insufficient.
StocP,stocp,postprocess,output_transform,,identity,runtime_contract_review,Compare current package behavior and defaults separately from the original-author specification; method names alone are insufficient.
StocP,stocp,unstructured covariates,covariates_required,,[],new_field_candidate,Upstream direct-only requirements may omit dependencies; resolve the transitive input graph.
StocP,stocp,unstructured batch dependence,batch_dependent,,False,new_field_candidate,"Describe pyaging cohort dependence, not the other package runtime flag."
StocZ,stocz,tissue,tissues_derived,"[""sorted monocytes""]",blood,definition_or_value_difference,Broad labels versus explicit source tissues can explain apparent differences.
StocZ,stocz,platform,array_type_trained,"[""Illumina 450K""]",450K; EPICv1,definition_or_value_difference,"Training platform must be separated from compatibility, validation and feature-selection platforms."
StocZ,stocz,model_type,training_algorithm,elastic net regression,elastic net,normalized_equal,
StocZ,stocz,n_features,n_cpgs,514,514,equal,
StocZ,stocz,doi,primary citation doi,https://doi.org/10.1038/s43587-024-00600-8,"[""10.1038/s43587-024-00600-8""]",normalized_equal,
StocZ,stocz,year,primary citation year,2024,"[""2024""]",equal,
StocZ,stocz,journal,primary citation journal,Nature Aging,"[""Nature aging""]",text_comparison_only,Journal abbreviations and author-name formatting are not scientific discrepancies.
StocZ,stocz,last_author,primary citation last_author,Andrew E. Teschendorff,"[""Teschendorff, Andrew E""]",text_comparison_only,Journal abbreviations and author-name formatting are not scientific discrepancies.
StocZ,stocz,notes,description,"Stochastic chronological-age clock built from simulated methylation trajectories at Zhang clock CpGs; it is a stochastic counterpart, not the original Zhang clock.","A stochastic re-derivation of Zhang's 514-CpG age clock, trained entirely on simulated DNA-methylation data from a stochastic accumulation model, showing that Zhang's highly accurate clock is roughly 90% stochastic.",text_comparison_only,Independent descriptions; wording differences do not establish errors.
StocZ,stocz,population,training age/cohort,adults,"{""cohort_trained"": ""Simulated dataset (artificial cohort; effect sizes from MESA sorted monocytes, n=1,202)"", ""n_samples_trained"": ""195"", ""age_min_trained"": ""45"", ""age_max_trained"": ""83"", ""age_unit_trained"": ""years"", ""health_status_trained"": ""population-based"", ""sex_distribution_trained"": null, ""ancestry_trained"": null}",different_granularity,These detailed training descriptors have no direct structured equivalent in pyaging.
StocZ,stocz,preprocess,normalization,,none,runtime_contract_review,Compare current package behavior and defaults separately from the original-author specification; method names alone are insufficient.
StocZ,stocz,reference_values,imputation_policy,,omit,runtime_contract_review,Compare current package behavior and defaults separately from the original-author specification; method names alone are insufficient.
StocZ,stocz,postprocess,output_transform,,identity,runtime_contract_review,Compare current package behavior and defaults separately from the original-author specification; method names alone are insufficient.
StocZ,stocz,unstructured covariates,covariates_required,,[],new_field_candidate,Upstream direct-only requirements may omit dependencies; resolve the transitive input graph.
StocZ,stocz,unstructured batch dependence,batch_dependent,,False,new_field_candidate,"Describe pyaging cohort dependence, not the other package runtime flag."
SystemsAge,systemsage,tissue,tissues_derived,"[""whole blood""]",blood,normalized_equal,
SystemsAge,systemsage,platform,array_type_trained,"[""Illumina 450K"", ""Illumina EPIC""]",450K; EPICv1,normalized_equal,
SystemsAge,systemsage,model_type,training_algorithm,PCA + elastic net regression,Cox elastic net,definition_or_value_difference,Compare fitting algorithm with serialized/algebraically folded implementation.
SystemsAge,systemsage,n_features,n_cpgs,125175,125175,equal,
SystemsAge,systemsage,doi,primary citation doi,https://doi.org/10.1038/s43587-025-00958-3,"[""10.1038/s43587-025-00958-3""]",normalized_equal,
SystemsAge,systemsage,year,primary citation year,2025,"[""2025""]",equal,
SystemsAge,systemsage,journal,primary citation journal,Nature Aging,"[""Nature aging""]",text_comparison_only,Journal abbreviations and author-name formatting are not scientific discrepancies.
SystemsAge,systemsage,last_author,primary citation last_author,Morgan Levine,"[""Levine, Morgan""]",text_comparison_only,Journal abbreviations and author-name formatting are not scientific discrepancies.
SystemsAge,systemsage,notes,description,"Composite Systems Age integrates the 11 mortality-associated physiological-system scores plus a DNAm chronological-age prediction through PCA and Cox elastic-net regression, then rescales the result to an age-like value.","A composite whole-body biological-age clock that integrates 11 physiological-system aging scores plus a chronological-age prediction into a single mortality-trained Systems Age, uniquely enabling organ-specific decomposition of aging from one blood draw.",text_comparison_only,Independent descriptions; wording differences do not establish errors.
SystemsAge,systemsage,population,training age/cohort,older adults,"{""cohort_trained"": ""Health and Retirement Study (HRS); Framingham Heart Study (FHS) Offspring Cohort"", ""n_samples_trained"": ""3593"", ""age_min_trained"": ""24"", ""age_max_trained"": ""100"", ""age_unit_trained"": ""years"", ""health_status_trained"": ""population-based"", ""sex_distribution_trained"": null, ""ancestry_trained"": null}",different_granularity,These detailed training descriptors have no direct structured equivalent in pyaging.
SystemsAge,systemsage,preprocess,normalization,,none,runtime_contract_review,Compare current package behavior and defaults separately from the original-author specification; method names alone are insufficient.
SystemsAge,systemsage,reference_values,imputation_policy,True,vendor_mean,runtime_contract_review,Compare current package behavior and defaults separately from the original-author specification; method names alone are insufficient.
SystemsAge,systemsage,postprocess,output_transform,,identity,runtime_contract_review,Compare current package behavior and defaults separately from the original-author specification; method names alone are insufficient.
SystemsAge,systemsage,unstructured covariates,covariates_required,,[],new_field_candidate,Upstream direct-only requirements may omit dependencies; resolve the transitive input graph.
SystemsAge,systemsage,unstructured batch dependence,batch_dependent,,False,new_field_candidate,"Describe pyaging cohort dependence, not the other package runtime flag."
TotalCholesterolMcCartney,mccartneytotalcholesterol,tissue,tissues_derived,"[""whole blood""]",blood,normalized_equal,
TotalCholesterolMcCartney,mccartneytotalcholesterol,platform,array_type_trained,"[""Illumina EPIC""]",EPICv1,normalized_equal,
TotalCholesterolMcCartney,mccartneytotalcholesterol,model_type,training_algorithm,LASSO regression,LASSO,normalized_equal,
TotalCholesterolMcCartney,mccartneytotalcholesterol,n_features,n_cpgs,204,204,equal,
TotalCholesterolMcCartney,mccartneytotalcholesterol,doi,primary citation doi,https://doi.org/10.1186/s13059-018-1514-1,"[""10.1186/s13059-018-1514-1""]",normalized_equal,
TotalCholesterolMcCartney,mccartneytotalcholesterol,year,primary citation year,2018,"[""2018""]",equal,
TotalCholesterolMcCartney,mccartneytotalcholesterol,journal,primary citation journal,Genome Biology,"[""Genome biology""]",text_comparison_only,Journal abbreviations and author-name formatting are not scientific discrepancies.
TotalCholesterolMcCartney,mccartneytotalcholesterol,last_author,primary citation last_author,Riccardo E. Marioni,"[""Marioni, Riccardo E""]",text_comparison_only,Journal abbreviations and author-name formatting are not scientific discrepancies.
TotalCholesterolMcCartney,mccartneytotalcholesterol,notes,description,"Whole-blood DNAm LASSO score for total cholesterol, trained in Generation Scotland on an age-, sex-, and ancestry-adjusted phenotype residual and evaluated out of sample in LBC1936. The current pyaging implementation applies a sigmoid to the linear score, so the returned value is bounded and unitless. It is neither the original continuous phenotype residual nor a calibrated probability; the paper does not specify this sigmoid.","TotalCholesterolMcCartney is a whole-blood DNA-methylation surrogate for total cholesterol trained by LASSO in Generation Scotland, and at 204 CpGs it is the smallest predictor in the McCartney 2018 panel.",text_comparison_only,Independent descriptions; wording differences do not establish errors.
TotalCholesterolMcCartney,mccartneytotalcholesterol,population,training age/cohort,adults,"{""cohort_trained"": ""Generation Scotland: The Scottish Family Health Study (GS)"", ""n_samples_trained"": ""4200"", ""age_min_trained"": ""18"", ""age_max_trained"": ""99"", ""age_unit_trained"": ""years"", ""health_status_trained"": ""population-based"", ""sex_distribution_trained"": ""61.5% female"", ""ancestry_trained"": ""European""}",different_granularity,These detailed training descriptors have no direct structured equivalent in pyaging.
TotalCholesterolMcCartney,mccartneytotalcholesterol,preprocess,normalization,,none,runtime_contract_review,Compare current package behavior and defaults separately from the original-author specification; method names alone are insufficient.
TotalCholesterolMcCartney,mccartneytotalcholesterol,reference_values,imputation_policy,,omit,runtime_contract_review,Compare current package behavior and defaults separately from the original-author specification; method names alone are insufficient.
TotalCholesterolMcCartney,mccartneytotalcholesterol,postprocess,output_transform,sigmoid,identity,runtime_contract_review,Compare current package behavior and defaults separately from the original-author specification; method names alone are insufficient.
TotalCholesterolMcCartney,mccartneytotalcholesterol,unstructured covariates,covariates_required,,[],new_field_candidate,Upstream direct-only requirements may omit dependencies; resolve the transitive input graph.
TotalCholesterolMcCartney,mccartneytotalcholesterol,unstructured batch dependence,batch_dependent,,False,new_field_candidate,"Describe pyaging cohort dependence, not the other package runtime flag."
TotalHDLRatioMcCartney,mccartneytotalhdlratio,tissue,tissues_derived,"[""whole blood""]",blood,normalized_equal,
TotalHDLRatioMcCartney,mccartneytotalhdlratio,platform,array_type_trained,"[""Illumina EPIC""]",EPICv1,normalized_equal,
TotalHDLRatioMcCartney,mccartneytotalhdlratio,model_type,training_algorithm,LASSO regression,LASSO,normalized_equal,
TotalHDLRatioMcCartney,mccartneytotalhdlratio,n_features,n_cpgs,412,412,equal,
TotalHDLRatioMcCartney,mccartneytotalhdlratio,doi,primary citation doi,https://doi.org/10.1186/s13059-018-1514-1,"[""10.1186/s13059-018-1514-1""]",normalized_equal,
TotalHDLRatioMcCartney,mccartneytotalhdlratio,year,primary citation year,2018,"[""2018""]",equal,
TotalHDLRatioMcCartney,mccartneytotalhdlratio,journal,primary citation journal,Genome Biology,"[""Genome biology""]",text_comparison_only,Journal abbreviations and author-name formatting are not scientific discrepancies.
TotalHDLRatioMcCartney,mccartneytotalhdlratio,last_author,primary citation last_author,Riccardo E. Marioni,"[""Marioni, Riccardo E""]",text_comparison_only,Journal abbreviations and author-name formatting are not scientific discrepancies.
TotalHDLRatioMcCartney,mccartneytotalhdlratio,notes,description,"Whole-blood DNAm LASSO score for total-to-HDL cholesterol ratio, trained in Generation Scotland on an age-, sex-, and ancestry-adjusted phenotype residual and evaluated out of sample in LBC1936.","One of nine McCartney 2018 DNAm health surrogates from Generation Scotland, TotalHDLRatioMcCartney is distinctive for targeting the dimensionless total:HDL cholesterol ratio, though its methylation score explained only 4.5% of the trait's variance in validation.",text_comparison_only,Independent descriptions; wording differences do not establish errors.
TotalHDLRatioMcCartney,mccartneytotalhdlratio,population,training age/cohort,adults,"{""cohort_trained"": ""Generation Scotland: The Scottish Family Health Study (GS)"", ""n_samples_trained"": ""4192"", ""age_min_trained"": ""18"", ""age_max_trained"": ""99"", ""age_unit_trained"": ""years"", ""health_status_trained"": ""population-based"", ""sex_distribution_trained"": ""61.5% female"", ""ancestry_trained"": ""European""}",different_granularity,These detailed training descriptors have no direct structured equivalent in pyaging.
TotalHDLRatioMcCartney,mccartneytotalhdlratio,preprocess,normalization,,none,runtime_contract_review,Compare current package behavior and defaults separately from the original-author specification; method names alone are insufficient.
TotalHDLRatioMcCartney,mccartneytotalhdlratio,reference_values,imputation_policy,,omit,runtime_contract_review,Compare current package behavior and defaults separately from the original-author specification; method names alone are insufficient.
TotalHDLRatioMcCartney,mccartneytotalhdlratio,postprocess,output_transform,,identity,runtime_contract_review,Compare current package behavior and defaults separately from the original-author specification; method names alone are insufficient.
TotalHDLRatioMcCartney,mccartneytotalhdlratio,unstructured covariates,covariates_required,,[],new_field_candidate,Upstream direct-only requirements may omit dependencies; resolve the transitive input graph.
TotalHDLRatioMcCartney,mccartneytotalhdlratio,unstructured batch dependence,batch_dependent,,False,new_field_candidate,"Describe pyaging cohort dependence, not the other package runtime flag."
VidalBralo,vidalbralo,tissue,tissues_derived,"[""whole blood""]",blood,normalized_equal,
VidalBralo,vidalbralo,platform,array_type_trained,"[""Illumina 27K""]",27K,normalized_equal,
VidalBralo,vidalbralo,model_type,training_algorithm,linear regression,forward stepwise linear regression,definition_or_value_difference,Compare fitting algorithm with serialized/algebraically folded implementation.
VidalBralo,vidalbralo,n_features,n_cpgs,8,8,equal,
VidalBralo,vidalbralo,doi,primary citation doi,https://doi.org/10.3389/fgene.2016.00126,"[""10.3389/fgene.2016.00126""]",normalized_equal,
VidalBralo,vidalbralo,year,primary citation year,2016,"[""2016""]",equal,
VidalBralo,vidalbralo,journal,primary citation journal,Frontiers in Genetics,"[""Frontiers in genetics""]",text_comparison_only,Journal abbreviations and author-name formatting are not scientific discrepancies.
VidalBralo,vidalbralo,last_author,primary citation last_author,Antonio Gonzalez,"[""Gonzalez, Antonio""]",text_comparison_only,Journal abbreviations and author-name formatting are not scientific discrepancies.
VidalBralo,vidalbralo,notes,description,Eight-CpG whole-blood chronological-age estimator selected by forward stepwise regression in 390 adults and calibrated by multiple linear regression; CpGs were chosen for compatibility with a single multiplex MS-SNuPE assay.,"A deliberately minimal 8-CpG whole-blood chronological-age clock for adults, engineered to run in a single low-cost MS-SNuPE reaction without a methylation array.",text_comparison_only,Independent descriptions; wording differences do not establish errors.
VidalBralo,vidalbralo,population,training age/cohort,adults,"{""cohort_trained"": ""Weidner et al. 2014 (GSE19711; GSE20242; GSE20236; GSE23638)"", ""n_samples_trained"": ""390"", ""age_min_trained"": ""20"", ""age_max_trained"": ""78"", ""age_unit_trained"": ""years"", ""health_status_trained"": ""population-based"", ""sex_distribution_trained"": ""97% female"", ""ancestry_trained"": ""European""}",different_granularity,These detailed training descriptors have no direct structured equivalent in pyaging.
VidalBralo,vidalbralo,preprocess,normalization,,none,runtime_contract_review,Compare current package behavior and defaults separately from the original-author specification; method names alone are insufficient.
VidalBralo,vidalbralo,reference_values,imputation_policy,,omit,runtime_contract_review,Compare current package behavior and defaults separately from the original-author specification; method names alone are insufficient.
VidalBralo,vidalbralo,postprocess,output_transform,,identity,runtime_contract_review,Compare current package behavior and defaults separately from the original-author specification; method names alone are insufficient.
VidalBralo,vidalbralo,unstructured covariates,covariates_required,,[],new_field_candidate,Upstream direct-only requirements may omit dependencies; resolve the transitive input graph.
VidalBralo,vidalbralo,unstructured batch dependence,batch_dependent,,False,new_field_candidate,"Describe pyaging cohort dependence, not the other package runtime flag."
WHRMcCartney,mccartneywhr,tissue,tissues_derived,"[""whole blood""]",blood,normalized_equal,
WHRMcCartney,mccartneywhr,platform,array_type_trained,"[""Illumina EPIC""]",EPICv1,normalized_equal,
WHRMcCartney,mccartneywhr,model_type,training_algorithm,LASSO regression,LASSO,normalized_equal,
WHRMcCartney,mccartneywhr,n_features,n_cpgs,226,226,equal,
WHRMcCartney,mccartneywhr,doi,primary citation doi,https://doi.org/10.1186/s13059-018-1514-1,"[""10.1186/s13059-018-1514-1""]",normalized_equal,
WHRMcCartney,mccartneywhr,year,primary citation year,2018,"[""2018""]",equal,
WHRMcCartney,mccartneywhr,journal,primary citation journal,Genome Biology,"[""Genome biology""]",text_comparison_only,Journal abbreviations and author-name formatting are not scientific discrepancies.
WHRMcCartney,mccartneywhr,last_author,primary citation last_author,Riccardo E. Marioni,"[""Marioni, Riccardo E""]",text_comparison_only,Journal abbreviations and author-name formatting are not scientific discrepancies.
WHRMcCartney,mccartneywhr,notes,description,"Whole-blood DNAm LASSO score for waist-to-hip ratio, trained in Generation Scotland on an age-, sex-, and ancestry-adjusted phenotype residual and evaluated out of sample in LBC1936.","WHRMcCartney is a whole-blood DNA-methylation surrogate for waist-to-hip ratio (central adiposity), notable for significantly predicting all-cause mortality independently of smoking even though its target phenotype could not be measured in the validation cohort.",text_comparison_only,Independent descriptions; wording differences do not establish errors.
WHRMcCartney,mccartneywhr,population,training age/cohort,adults,"{""cohort_trained"": ""Generation Scotland: The Scottish Family Health Study (GS)"", ""n_samples_trained"": ""4984"", ""age_min_trained"": ""18"", ""age_max_trained"": ""99"", ""age_unit_trained"": ""years"", ""health_status_trained"": ""population-based"", ""sex_distribution_trained"": ""61.5% female"", ""ancestry_trained"": ""European""}",different_granularity,These detailed training descriptors have no direct structured equivalent in pyaging.
WHRMcCartney,mccartneywhr,preprocess,normalization,,none,runtime_contract_review,Compare current package behavior and defaults separately from the original-author specification; method names alone are insufficient.
WHRMcCartney,mccartneywhr,reference_values,imputation_policy,,omit,runtime_contract_review,Compare current package behavior and defaults separately from the original-author specification; method names alone are insufficient.
WHRMcCartney,mccartneywhr,postprocess,output_transform,,identity,runtime_contract_review,Compare current package behavior and defaults separately from the original-author specification; method names alone are insufficient.
WHRMcCartney,mccartneywhr,unstructured covariates,covariates_required,,[],new_field_candidate,Upstream direct-only requirements may omit dependencies; resolve the transitive input graph.
WHRMcCartney,mccartneywhr,unstructured batch dependence,batch_dependent,,False,new_field_candidate,"Describe pyaging cohort dependence, not the other package runtime flag."
Weidner,weidner,tissue,tissues_derived,"[""whole blood""]",blood,normalized_equal,
Weidner,weidner,platform,array_type_trained,"[""Illumina 27K"", ""bisulfite sequencing""]",27K,definition_or_value_difference,"Training platform must be separated from compatibility, validation and feature-selection platforms."
Weidner,weidner,model_type,training_algorithm,linear regression,multivariate linear regression,definition_or_value_difference,Compare fitting algorithm with serialized/algebraically folded implementation.
Weidner,weidner,n_features,n_cpgs,3,3,equal,
Weidner,weidner,doi,primary citation doi,https://doi.org/10.1186/gb-2014-15-2-r24,"[""10.1186/gb-2014-15-2-r24""]",normalized_equal,
Weidner,weidner,year,primary citation year,2014,"[""2014""]",equal,
Weidner,weidner,journal,primary citation journal,Genome Biology,"[""Genome biology""]",text_comparison_only,Journal abbreviations and author-name formatting are not scientific discrepancies.
Weidner,weidner,last_author,primary citation last_author,Wolfgang Wagner,"[""Wagner, Wolfgang""]",text_comparison_only,Journal abbreviations and author-name formatting are not scientific discrepancies.
Weidner,weidner,notes,description,"Three-site whole-blood epigenetic-age estimator. The sites were selected from Illumina 27K blood profiles, and the final multivariate linear equation was fitted on targeted bisulfite-pyrosequencing beta values from 82 blood samples and validated in 69 independent samples. The published PDE4C measurement is a pyrosequenced CpG upstream of array probe cg17861230. The package uses cg17861230 as its feature label; supplying that array probe directly is an approximation and does not reproduce the published assay.","A minimal blood chronological-age predictor from just three CpG sites (ITGA2B, ASPA, PDE4C) measured by bisulfite pyrosequencing, offering low-cost age estimation without full-array profiling.",text_comparison_only,Independent descriptions; wording differences do not establish errors.
Weidner,weidner,population,training age/cohort,all ages,"{""cohort_trained"": ""Multiple cohorts (Heinz Nixdorf Recall (HNR) study; University Hospital Aachen Gynecology (GYN))"", ""n_samples_trained"": ""82"", ""age_min_trained"": ""0"", ""age_max_trained"": ""78"", ""age_unit_trained"": ""years"", ""health_status_trained"": ""population-based"", ""sex_distribution_trained"": null, ""ancestry_trained"": null}",different_granularity,These detailed training descriptors have no direct structured equivalent in pyaging.
Weidner,weidner,preprocess,normalization,,none,runtime_contract_review,Compare current package behavior and defaults separately from the original-author specification; method names alone are insufficient.
Weidner,weidner,reference_values,imputation_policy,,omit,runtime_contract_review,Compare current package behavior and defaults separately from the original-author specification; method names alone are insufficient.
Weidner,weidner,postprocess,output_transform,,identity,runtime_contract_review,Compare current package behavior and defaults separately from the original-author specification; method names alone are insufficient.
Weidner,weidner,unstructured covariates,covariates_required,,[],new_field_candidate,Upstream direct-only requirements may omit dependencies; resolve the transitive input graph.
Weidner,weidner,unstructured batch dependence,batch_dependent,,False,new_field_candidate,"Describe pyaging cohort dependence, not the other package runtime flag."
Zhang2019BLUP,zhangblup,tissue,tissues_derived,"[""whole blood"", ""saliva""]",blood; saliva,normalized_equal,
Zhang2019BLUP,zhangblup,platform,array_type_trained,"[""Illumina 450K"", ""Illumina EPIC""]",450K,definition_or_value_difference,"Training platform must be separated from compatibility, validation and feature-selection platforms."
Zhang2019BLUP,zhangblup,model_type,training_algorithm,best linear unbiased prediction,BLUP,definition_or_value_difference,Compare fitting algorithm with serialized/algebraically folded implementation.
Zhang2019BLUP,zhangblup,n_features,n_cpgs,319607,319607,equal,
Zhang2019BLUP,zhangblup,doi,primary citation doi,https://doi.org/10.1186/s13073-019-0667-1,"[""10.1186/s13073-019-0667-1""]",normalized_equal,
Zhang2019BLUP,zhangblup,year,primary citation year,2019,"[""2019""]",equal,
Zhang2019BLUP,zhangblup,journal,primary citation journal,Genome Medicine,"[""Genome medicine""]",text_comparison_only,Journal abbreviations and author-name formatting are not scientific discrepancies.
Zhang2019BLUP,zhangblup,last_author,primary citation last_author,Peter M. Visscher,"[""Visscher, Peter M""]",text_comparison_only,Journal abbreviations and author-name formatting are not scientific discrepancies.
Zhang2019BLUP,zhangblup,notes,description,"High-dimensional chronological-age predictor using best linear unbiased prediction across the full quality-controlled set of 319,607 methylation probes.",Zhang 2019 BLUP arm -- dense mixed-model age predictor.,text_comparison_only,Independent descriptions; wording differences do not establish errors.
Zhang2019BLUP,zhangblup,population,training age/cohort,all ages,"{""cohort_trained"": ""Multiple cohorts"", ""n_samples_trained"": ""13566"", ""age_min_trained"": ""2"", ""age_max_trained"": ""104"", ""age_unit_trained"": ""years"", ""health_status_trained"": ""mixed"", ""sex_distribution_trained"": null, ""ancestry_trained"": null}",different_granularity,These detailed training descriptors have no direct structured equivalent in pyaging.
Zhang2019BLUP,zhangblup,preprocess,normalization,scale_row,none,runtime_contract_review,Compare current package behavior and defaults separately from the original-author specification; method names alone are insufficient.
Zhang2019BLUP,zhangblup,reference_values,imputation_policy,True,omit,runtime_contract_review,Compare current package behavior and defaults separately from the original-author specification; method names alone are insufficient.
Zhang2019BLUP,zhangblup,postprocess,output_transform,,identity,runtime_contract_review,Compare current package behavior and defaults separately from the original-author specification; method names alone are insufficient.
Zhang2019BLUP,zhangblup,unstructured covariates,covariates_required,,[],new_field_candidate,Upstream direct-only requirements may omit dependencies; resolve the transitive input graph.
Zhang2019BLUP,zhangblup,unstructured batch dependence,batch_dependent,,False,new_field_candidate,"Describe pyaging cohort dependence, not the other package runtime flag."
Zhang2019EN,zhangen,tissue,tissues_derived,"[""whole blood"", ""saliva""]",blood; saliva,normalized_equal,
Zhang2019EN,zhangen,platform,array_type_trained,"[""Illumina 450K"", ""Illumina EPIC""]",450K,definition_or_value_difference,"Training platform must be separated from compatibility, validation and feature-selection platforms."
Zhang2019EN,zhangen,model_type,training_algorithm,elastic net regression,elastic net,normalized_equal,
Zhang2019EN,zhangen,n_features,n_cpgs,514,514,equal,
Zhang2019EN,zhangen,doi,primary citation doi,https://doi.org/10.1186/s13073-019-0667-1,"[""10.1186/s13073-019-0667-1""]",normalized_equal,
Zhang2019EN,zhangen,year,primary citation year,2019,"[""2019""]",equal,
Zhang2019EN,zhangen,journal,primary citation journal,Genome Medicine,"[""Genome medicine""]",text_comparison_only,Journal abbreviations and author-name formatting are not scientific discrepancies.
Zhang2019EN,zhangen,last_author,primary citation last_author,Peter M. Visscher,"[""Visscher, Peter M""]",text_comparison_only,Journal abbreviations and author-name formatting are not scientific discrepancies.
Zhang2019EN,zhangen,notes,description,"Elastic-net chronological-age predictor released from the largest multi-cohort training set, using 514 selected CpGs from predominantly blood plus saliva data.","A 514-CpG elastic-net predictor of chronological age trained on one of the largest DNAm training sets of its time: 13,566 blood and saliva samples pooled from 13 cohorts.",text_comparison_only,Independent descriptions; wording differences do not establish errors.
Zhang2019EN,zhangen,population,training age/cohort,all ages,"{""cohort_trained"": ""Multiple cohorts"", ""n_samples_trained"": ""13566"", ""age_min_trained"": ""2"", ""age_max_trained"": ""104"", ""age_unit_trained"": ""years"", ""health_status_trained"": ""mixed"", ""sex_distribution_trained"": null, ""ancestry_trained"": null}",different_granularity,These detailed training descriptors have no direct structured equivalent in pyaging.
Zhang2019EN,zhangen,preprocess,normalization,scale_row,none,runtime_contract_review,Compare current package behavior and defaults separately from the original-author specification; method names alone are insufficient.
Zhang2019EN,zhangen,reference_values,imputation_policy,True,omit,runtime_contract_review,Compare current package behavior and defaults separately from the original-author specification; method names alone are insufficient.
Zhang2019EN,zhangen,postprocess,output_transform,,identity,runtime_contract_review,Compare current package behavior and defaults separately from the original-author specification; method names alone are insufficient.
Zhang2019EN,zhangen,unstructured covariates,covariates_required,,[],new_field_candidate,Upstream direct-only requirements may omit dependencies; resolve the transitive input graph.
Zhang2019EN,zhangen,unstructured batch dependence,batch_dependent,,False,new_field_candidate,"Describe pyaging cohort dependence, not the other package runtime flag."
ZhangMortality,zhangmortality,tissue,tissues_derived,"[""whole blood""]",blood,normalized_equal,
ZhangMortality,zhangmortality,platform,array_type_trained,"[""Illumina 450K""]",450K,normalized_equal,
ZhangMortality,zhangmortality,model_type,training_algorithm,weighted linear score,LASSO,definition_or_value_difference,Compare fitting algorithm with serialized/algebraically folded implementation.
ZhangMortality,zhangmortality,n_features,n_cpgs,10,10,equal,
ZhangMortality,zhangmortality,doi,primary citation doi,https://doi.org/10.1038/ncomms14617,"[""10.1038/ncomms14617""]",normalized_equal,
ZhangMortality,zhangmortality,year,primary citation year,2017,"[""2017""]",equal,
ZhangMortality,zhangmortality,journal,primary citation journal,Nature Communications,"[""Nature communications""]",text_comparison_only,Journal abbreviations and author-name formatting are not scientific discrepancies.
ZhangMortality,zhangmortality,last_author,primary citation last_author,Hermann Brenner,"[""Brenner, Hermann""]",text_comparison_only,Journal abbreviations and author-name formatting are not scientific discrepancies.
ZhangMortality,zhangmortality,notes,description,Ten-CpG whole-blood mortality risk score. Pyaging implements the paper supplement's continuous LASSO-weighted score exactly (the sum of ten raw beta values multiplied by their published coefficients). The same study also defines a separate simplified 0-10 aberrant-methylation count based on cohort-specific quartile cutoffs.,"A parsimonious 10-CpG blood DNA-methylation risk score trained directly on all-cause mortality, a second-generation clock distilled from an epigenome-wide mortality screen in the German ESTHER cohort.",text_comparison_only,Independent descriptions; wording differences do not establish errors.
ZhangMortality,zhangmortality,population,training age/cohort,older adults,"{""cohort_trained"": ""ESTHER"", ""n_samples_trained"": ""864"", ""age_min_trained"": ""50"", ""age_max_trained"": ""75"", ""age_unit_trained"": ""years"", ""health_status_trained"": ""population-based"", ""sex_distribution_trained"": ""61.3% female"", ""ancestry_trained"": ""European""}",different_granularity,These detailed training descriptors have no direct structured equivalent in pyaging.
ZhangMortality,zhangmortality,preprocess,normalization,,none,runtime_contract_review,Compare current package behavior and defaults separately from the original-author specification; method names alone are insufficient.
ZhangMortality,zhangmortality,reference_values,imputation_policy,,omit,runtime_contract_review,Compare current package behavior and defaults separately from the original-author specification; method names alone are insufficient.
ZhangMortality,zhangmortality,postprocess,output_transform,,identity,runtime_contract_review,Compare current package behavior and defaults separately from the original-author specification; method names alone are insufficient.
ZhangMortality,zhangmortality,unstructured covariates,covariates_required,,[],new_field_candidate,Upstream direct-only requirements may omit dependencies; resolve the transitive input graph.
ZhangMortality,zhangmortality,unstructured batch dependence,batch_dependent,,False,new_field_candidate,"Describe pyaging cohort dependence, not the other package runtime flag."
non_prcPhenoAge,dnamphenoagenonprc,tissue,tissues_derived,"[""whole blood""]",blood,normalized_equal,
non_prcPhenoAge,dnamphenoagenonprc,platform,array_type_trained,"[""Illumina 450K""]",450K,normalized_equal,
non_prcPhenoAge,dnamphenoagenonprc,model_type,training_algorithm,weighted linear score,elastic net,definition_or_value_difference,Compare fitting algorithm with serialized/algebraically folded implementation.
non_prcPhenoAge,dnamphenoagenonprc,n_features,n_cpgs,458,458,equal,
non_prcPhenoAge,dnamphenoagenonprc,doi,primary citation doi,https://doi.org/10.1186/s13148-022-01249-z,"[""10.18632/aging.101414""]",publication_difference,
non_prcPhenoAge,dnamphenoagenonprc,year,primary citation year,2022,"[""2018""]",publication_difference,
non_prcPhenoAge,dnamphenoagenonprc,journal,primary citation journal,Clinical Epigenetics,"[""Aging""]",text_comparison_only,Journal abbreviations and author-name formatting are not scientific discrepancies.
non_prcPhenoAge,dnamphenoagenonprc,last_author,primary citation last_author,Morgan Levine,"[""Horvath, Steve""]",text_comparison_only,Journal abbreviations and author-name formatting are not scientific discrepancies.
non_prcPhenoAge,dnamphenoagenonprc,notes,description,"Original Levine-lab non-polycomb PhenoAge contribution using 458 CpGs. Coefficients retain their original values; the 60.664 PhenoAge intercept is excluded from both partitions, so these scores are not standalone calibrated ages. The two contributions plus the original intercept reconstruct DNAmPhenoAge. Follows author imputation=FALSE: absent CpGs and supplied NA values contribute zero. The parent DNAmPhenoAge coefficients were fitted on InCHIANTI 450K whole-blood data; the selected sites also occur on 27K and EPIC arrays.","The non-Polycomb (PRC-dissociated) CpG subscore of the PhenoAge clock, isolating the ~458 of PhenoAge's 513 CpGs that are not polycomb-group targets for dissecting the non-PRC component of biological aging.",text_comparison_only,Independent descriptions; wording differences do not establish errors.
non_prcPhenoAge,dnamphenoagenonprc,population,training age/cohort,adults,"{""cohort_trained"": ""InCHIANTI"", ""n_samples_trained"": ""456"", ""age_min_trained"": ""30"", ""age_max_trained"": ""100"", ""age_unit_trained"": ""years"", ""health_status_trained"": ""population-based"", ""sex_distribution_trained"": ""54.9% female"", ""ancestry_trained"": ""European""}",different_granularity,These detailed training descriptors have no direct structured equivalent in pyaging.
non_prcPhenoAge,dnamphenoagenonprc,preprocess,normalization,missing_beta_zero_contribution,none,runtime_contract_review,Compare current package behavior and defaults separately from the original-author specification; method names alone are insufficient.
non_prcPhenoAge,dnamphenoagenonprc,reference_values,imputation_policy,,omit,runtime_contract_review,Compare current package behavior and defaults separately from the original-author specification; method names alone are insufficient.
non_prcPhenoAge,dnamphenoagenonprc,postprocess,output_transform,,identity,runtime_contract_review,Compare current package behavior and defaults separately from the original-author specification; method names alone are insufficient.
non_prcPhenoAge,dnamphenoagenonprc,unstructured covariates,covariates_required,,[],new_field_candidate,Upstream direct-only requirements may omit dependencies; resolve the transitive input graph.
non_prcPhenoAge,dnamphenoagenonprc,unstructured batch dependence,batch_dependent,,False,new_field_candidate,"Describe pyaging cohort dependence, not the other package runtime flag."
prcPhenoAge,dnamphenoageprc,tissue,tissues_derived,"[""whole blood""]",blood,normalized_equal,
prcPhenoAge,dnamphenoageprc,platform,array_type_trained,"[""Illumina 450K""]",450K,normalized_equal,
prcPhenoAge,dnamphenoageprc,model_type,training_algorithm,weighted linear score,elastic net,definition_or_value_difference,Compare fitting algorithm with serialized/algebraically folded implementation.
prcPhenoAge,dnamphenoageprc,n_features,n_cpgs,55,55,equal,
prcPhenoAge,dnamphenoageprc,doi,primary citation doi,https://doi.org/10.1186/s13148-022-01249-z,"[""10.18632/aging.101414""]",publication_difference,
prcPhenoAge,dnamphenoageprc,year,primary citation year,2022,"[""2018""]",publication_difference,
prcPhenoAge,dnamphenoageprc,journal,primary citation journal,Clinical Epigenetics,"[""Aging""]",text_comparison_only,Journal abbreviations and author-name formatting are not scientific discrepancies.
prcPhenoAge,dnamphenoageprc,last_author,primary citation last_author,Morgan Levine,"[""Horvath, Steve""]",text_comparison_only,Journal abbreviations and author-name formatting are not scientific discrepancies.
prcPhenoAge,dnamphenoageprc,notes,description,"Original Levine-lab polycomb-related PhenoAge contribution using 55 CpGs. Coefficients retain their original values; the 60.664 PhenoAge intercept is excluded from both partitions, so these scores are not standalone calibrated ages. The two contributions plus the original intercept reconstruct DNAmPhenoAge. Follows author imputation=FALSE: absent CpGs and supplied NA values contribute zero. The parent DNAmPhenoAge coefficients were fitted on InCHIANTI 450K whole-blood data; the selected sites also occur on 27K and EPIC arrays.","PRCPhenoAge is the Polycomb-Repressive-Complex-associated CpG subscore (55 CpGs) of the blood DNAm PhenoAge clock, isolating the portion of PhenoAge carried by polycomb-group target CpGs for mechanistic aging analyses.",text_comparison_only,Independent descriptions; wording differences do not establish errors.
prcPhenoAge,dnamphenoageprc,population,training age/cohort,adults,"{""cohort_trained"": ""InCHIANTI"", ""n_samples_trained"": ""456"", ""age_min_trained"": ""30"", ""age_max_trained"": ""100"", ""age_unit_trained"": ""years"", ""health_status_trained"": ""population-based"", ""sex_distribution_trained"": ""54.9% female"", ""ancestry_trained"": ""European""}",different_granularity,These detailed training descriptors have no direct structured equivalent in pyaging.
prcPhenoAge,dnamphenoageprc,preprocess,normalization,missing_beta_zero_contribution,none,runtime_contract_review,Compare current package behavior and defaults separately from the original-author specification; method names alone are insufficient.
prcPhenoAge,dnamphenoageprc,reference_values,imputation_policy,,omit,runtime_contract_review,Compare current package behavior and defaults separately from the original-author specification; method names alone are insufficient.
prcPhenoAge,dnamphenoageprc,postprocess,output_transform,,identity,runtime_contract_review,Compare current package behavior and defaults separately from the original-author specification; method names alone are insufficient.
prcPhenoAge,dnamphenoageprc,unstructured covariates,covariates_required,,[],new_field_candidate,Upstream direct-only requirements may omit dependencies; resolve the transitive input graph.
prcPhenoAge,dnamphenoageprc,unstructured batch dependence,batch_dependent,,False,new_field_candidate,"Describe pyaging cohort dependence, not the other package runtime flag."
DNAmFitAge,dnamfitage,tissue,tissues_derived,"[""whole blood""]",,upstream_missing,
DNAmFitAge,dnamfitage,platform,array_type_trained,"[""Illumina 450K""]",,upstream_missing,
DNAmFitAge,dnamfitage,model_type,training_algorithm,Klemera–Doubal composite,,upstream_missing,
DNAmFitAge,dnamfitage,n_features,n_cpgs,1343,,upstream_missing,
DNAmFitAge,dnamfitage,doi,primary citation doi,https://doi.org/10.18632/aging.204538,[],upstream_missing,
DNAmFitAge,dnamfitage,year,primary citation year,2023,[],upstream_missing,
DNAmFitAge,dnamfitage,journal,primary citation journal,Aging,[],upstream_missing,Journal abbreviations and author-name formatting are not scientific discrepancies.
DNAmFitAge,dnamfitage,last_author,primary citation last_author,Steve Horvath,[],upstream_missing,Journal abbreviations and author-name formatting are not scientific discrepancies.
DNAmFitAge,dnamfitage,notes,description,"Sex-specific Klemera–Doubal biological-age composite that calculates DNAm gait speed, grip strength, VO2max, and original DNAmGrimAge internally from methylation, age, and female inputs.",,text_comparison_only,Independent descriptions; wording differences do not establish errors.
DNAmFitAge,dnamfitage,population,training age/cohort,adults,"{""cohort_trained"": null, ""n_samples_trained"": null, ""age_min_trained"": null, ""age_max_trained"": null, ""age_unit_trained"": null, ""health_status_trained"": null, ""sex_distribution_trained"": null, ""ancestry_trained"": null}",different_granularity,These detailed training descriptors have no direct structured equivalent in pyaging.
DNAmFitAge,dnamfitage,preprocess,normalization,,none,runtime_contract_review,Compare current package behavior and defaults separately from the original-author specification; method names alone are insufficient.
DNAmFitAge,dnamfitage,reference_values,imputation_policy,True,vendor_mean,runtime_contract_review,Compare current package behavior and defaults separately from the original-author specification; method names alone are insufficient.
DNAmFitAge,dnamfitage,postprocess,output_transform,,identity,runtime_contract_review,Compare current package behavior and defaults separately from the original-author specification; method names alone are insufficient.
DNAmFitAge,dnamfitage,unstructured covariates,covariates_required,,"[""Female""]",new_field_candidate,Upstream direct-only requirements may omit dependencies; resolve the transitive input graph.
DNAmFitAge,dnamfitage,unstructured batch dependence,batch_dependent,,False,new_field_candidate,"Describe pyaging cohort dependence, not the other package runtime flag."
DNAmGait_noAge,dnamfitagegait,tissue,tissues_derived,"[""whole blood""]",,upstream_missing,
DNAmGait_noAge,dnamfitagegait,platform,array_type_trained,"[""Illumina 450K""]",,upstream_missing,
DNAmGait_noAge,dnamfitagegait,model_type,training_algorithm,LASSO regression,,upstream_missing,
DNAmGait_noAge,dnamfitagegait,n_features,n_cpgs,111,,upstream_missing,
DNAmGait_noAge,dnamfitagegait,doi,primary citation doi,https://doi.org/10.18632/aging.204538,[],upstream_missing,
DNAmGait_noAge,dnamfitagegait,year,primary citation year,2023,[],upstream_missing,
DNAmGait_noAge,dnamfitagegait,journal,primary citation journal,Aging,[],upstream_missing,Journal abbreviations and author-name formatting are not scientific discrepancies.
DNAmGait_noAge,dnamfitagegait,last_author,primary citation last_author,Steve Horvath,[],upstream_missing,Journal abbreviations and author-name formatting are not scientific discrepancies.
DNAmGait_noAge,dnamfitagegait,notes,description,Sex-gated blood DNAm gait-speed estimator using the published female and male regressions selected by the female input.,,text_comparison_only,Independent descriptions; wording differences do not establish errors.
DNAmGait_noAge,dnamfitagegait,population,training age/cohort,adults,"{""cohort_trained"": null, ""n_samples_trained"": null, ""age_min_trained"": null, ""age_max_trained"": null, ""age_unit_trained"": null, ""health_status_trained"": null, ""sex_distribution_trained"": null, ""ancestry_trained"": null}",different_granularity,These detailed training descriptors have no direct structured equivalent in pyaging.
DNAmGait_noAge,dnamfitagegait,preprocess,normalization,,none,runtime_contract_review,Compare current package behavior and defaults separately from the original-author specification; method names alone are insufficient.
DNAmGait_noAge,dnamfitagegait,reference_values,imputation_policy,True,vendor_mean,runtime_contract_review,Compare current package behavior and defaults separately from the original-author specification; method names alone are insufficient.
DNAmGait_noAge,dnamfitagegait,postprocess,output_transform,,identity,runtime_contract_review,Compare current package behavior and defaults separately from the original-author specification; method names alone are insufficient.
DNAmGait_noAge,dnamfitagegait,unstructured covariates,covariates_required,,"[""Female""]",new_field_candidate,Upstream direct-only requirements may omit dependencies; resolve the transitive input graph.
DNAmGait_noAge,dnamfitagegait,unstructured batch dependence,batch_dependent,,False,new_field_candidate,"Describe pyaging cohort dependence, not the other package runtime flag."
DNAmGrip_noAge,dnamfitagegrip,tissue,tissues_derived,"[""whole blood""]",,upstream_missing,
DNAmGrip_noAge,dnamfitagegrip,platform,array_type_trained,"[""Illumina 450K""]",,upstream_missing,
DNAmGrip_noAge,dnamfitagegrip,model_type,training_algorithm,LASSO regression,,upstream_missing,
DNAmGrip_noAge,dnamfitagegrip,n_features,n_cpgs,183,,upstream_missing,
DNAmGrip_noAge,dnamfitagegrip,doi,primary citation doi,https://doi.org/10.18632/aging.204538,[],upstream_missing,
DNAmGrip_noAge,dnamfitagegrip,year,primary citation year,2023,[],upstream_missing,
DNAmGrip_noAge,dnamfitagegrip,journal,primary citation journal,Aging,[],upstream_missing,Journal abbreviations and author-name formatting are not scientific discrepancies.
DNAmGrip_noAge,dnamfitagegrip,last_author,primary citation last_author,Steve Horvath,[],upstream_missing,Journal abbreviations and author-name formatting are not scientific discrepancies.
DNAmGrip_noAge,dnamfitagegrip,notes,description,Sex-gated blood DNAm maximum-handgrip-strength estimator using the published female and male regressions selected by the female input.,,text_comparison_only,Independent descriptions; wording differences do not establish errors.
DNAmGrip_noAge,dnamfitagegrip,population,training age/cohort,adults,"{""cohort_trained"": null, ""n_samples_trained"": null, ""age_min_trained"": null, ""age_max_trained"": null, ""age_unit_trained"": null, ""health_status_trained"": null, ""sex_distribution_trained"": null, ""ancestry_trained"": null}",different_granularity,These detailed training descriptors have no direct structured equivalent in pyaging.
DNAmGrip_noAge,dnamfitagegrip,preprocess,normalization,,none,runtime_contract_review,Compare current package behavior and defaults separately from the original-author specification; method names alone are insufficient.
DNAmGrip_noAge,dnamfitagegrip,reference_values,imputation_policy,True,vendor_mean,runtime_contract_review,Compare current package behavior and defaults separately from the original-author specification; method names alone are insufficient.
DNAmGrip_noAge,dnamfitagegrip,postprocess,output_transform,,identity,runtime_contract_review,Compare current package behavior and defaults separately from the original-author specification; method names alone are insufficient.
DNAmGrip_noAge,dnamfitagegrip,unstructured covariates,covariates_required,,"[""Female""]",new_field_candidate,Upstream direct-only requirements may omit dependencies; resolve the transitive input graph.
DNAmGrip_noAge,dnamfitagegrip,unstructured batch dependence,batch_dependent,,False,new_field_candidate,"Describe pyaging cohort dependence, not the other package runtime flag."
DNAmVO2max,dnamfitagevo2max,tissue,tissues_derived,"[""whole blood""]",,upstream_missing,
DNAmVO2max,dnamfitagevo2max,platform,array_type_trained,"[""Illumina 450K""]",,upstream_missing,
DNAmVO2max,dnamfitagevo2max,model_type,training_algorithm,LASSO regression,,upstream_missing,
DNAmVO2max,dnamfitagevo2max,n_features,n_cpgs,41,,upstream_missing,
DNAmVO2max,dnamfitagevo2max,doi,primary citation doi,https://doi.org/10.18632/aging.204538,[],upstream_missing,
DNAmVO2max,dnamfitagevo2max,year,primary citation year,2023,[],upstream_missing,
DNAmVO2max,dnamfitagevo2max,journal,primary citation journal,Aging,[],upstream_missing,Journal abbreviations and author-name formatting are not scientific discrepancies.
DNAmVO2max,dnamfitagevo2max,last_author,primary citation last_author,Steve Horvath,[],upstream_missing,Journal abbreviations and author-name formatting are not scientific discrepancies.
DNAmVO2max,dnamfitagevo2max,notes,description,Joint-sex blood DNAm estimator of maximal oxygen uptake; 40 CpGs plus chronological age are packaged as 41 inputs.,,text_comparison_only,Independent descriptions; wording differences do not establish errors.
DNAmVO2max,dnamfitagevo2max,population,training age/cohort,adults,"{""cohort_trained"": null, ""n_samples_trained"": null, ""age_min_trained"": null, ""age_max_trained"": null, ""age_unit_trained"": null, ""health_status_trained"": null, ""sex_distribution_trained"": null, ""ancestry_trained"": null}",different_granularity,These detailed training descriptors have no direct structured equivalent in pyaging.
DNAmVO2max,dnamfitagevo2max,preprocess,normalization,,none,runtime_contract_review,Compare current package behavior and defaults separately from the original-author specification; method names alone are insufficient.
DNAmVO2max,dnamfitagevo2max,reference_values,imputation_policy,True,vendor_mean,runtime_contract_review,Compare current package behavior and defaults separately from the original-author specification; method names alone are insufficient.
DNAmVO2max,dnamfitagevo2max,postprocess,output_transform,,identity,runtime_contract_review,Compare current package behavior and defaults separately from the original-author specification; method names alone are insufficient.
DNAmVO2max,dnamfitagevo2max,unstructured covariates,covariates_required,,"[""Female""]",new_field_candidate,Upstream direct-only requirements may omit dependencies; resolve the transitive input graph.
DNAmVO2max,dnamfitagevo2max,unstructured batch dependence,batch_dependent,,False,new_field_candidate,"Describe pyaging cohort dependence, not the other package runtime flag."
